ISO-10303-21;
HEADER;
/* Generated by software containing ST-Developer
 * from STEP Tools, Inc. (www.steptools.com) 
 */
/* OPTION: using custom schema-name function */

FILE_DESCRIPTION(
/* description */ (''),
/* implementation_level */ '2;1');

FILE_NAME(
/* name */ 'wigley_extended_above_wl',
/* time_stamp */ '2026-03-03T21:18:06+01:00',
/* author */ (''),
/* organization */ (''),
/* preprocessor_version */ 'ST-DEVELOPER v16.5',
/* originating_system */ 'Rhino 7.38',
/* authorisation */ '');

FILE_SCHEMA (('AUTOMOTIVE_DESIGN'));
ENDSEC;

DATA;
#10=SHAPE_REPRESENTATION_RELATIONSHIP('','',#78,#22);
#11=COLOUR_RGB('',1.,0.,0.);
#12=FILL_AREA_STYLE_COLOUR('',#11);
#13=FILL_AREA_STYLE('',(#12));
#14=SURFACE_STYLE_FILL_AREA(#13);
#15=SURFACE_SIDE_STYLE('',(#14));
#16=SURFACE_STYLE_USAGE(.BOTH.,#15);
#17=MECHANICAL_DESIGN_GEOMETRIC_PRESENTATION_REPRESENTATION('',(#19),#77);
#18=PRESENTATION_STYLE_ASSIGNMENT((#16));
#19=STYLED_ITEM('',(#18),#21);
#20=PRESENTATION_LAYER_ASSIGNMENT('Layer 01','',(#21));
#21=SHELL_BASED_SURFACE_MODEL('shell_1',(#23));
#22=MANIFOLD_SURFACE_SHAPE_REPRESENTATION('shell_rep_0',(#21,#80),#77);
#23=OPEN_SHELL('',(#24));
#24=ADVANCED_FACE('',(#25),#59,.T.);
#25=FACE_OUTER_BOUND('',#26,.T.);
#26=EDGE_LOOP('',(#27,#28,#29,#30));
#27=ORIENTED_EDGE('',*,*,#43,.T.);
#28=ORIENTED_EDGE('',*,*,#44,.T.);
#29=ORIENTED_EDGE('',*,*,#45,.T.);
#30=ORIENTED_EDGE('',*,*,#46,.T.);
#31=PCURVE('',#59,#35);
#32=PCURVE('',#59,#36);
#33=PCURVE('',#59,#37);
#34=PCURVE('',#59,#38);
#35=DEFINITIONAL_REPRESENTATION('',(#48),#1921);
#36=DEFINITIONAL_REPRESENTATION('',(#50),#1921);
#37=DEFINITIONAL_REPRESENTATION('',(#52),#1921);
#38=DEFINITIONAL_REPRESENTATION('',(#54),#1921);
#39=SURFACE_CURVE('',#47,(#31),.PCURVE_S1.);
#40=SURFACE_CURVE('',#49,(#32),.PCURVE_S1.);
#41=SURFACE_CURVE('',#51,(#33),.PCURVE_S1.);
#42=SURFACE_CURVE('',#53,(#34),.PCURVE_S1.);
#43=EDGE_CURVE('',#57,#55,#39,.T.);
#44=EDGE_CURVE('',#55,#56,#40,.T.);
#45=EDGE_CURVE('',#56,#58,#41,.T.);
#46=EDGE_CURVE('',#58,#57,#42,.T.);
#47=B_SPLINE_CURVE_WITH_KNOTS('',3,(#1740,#1741,#1742,#1743,#1744,#1745,
#1746,#1747,#1748,#1749,#1750,#1751,#1752,#1753,#1754,#1755,#1756,#1757,
#1758,#1759,#1760,#1761,#1762,#1763,#1764,#1765,#1766,#1767,#1768,#1769,
#1770,#1771,#1772,#1773,#1774),.UNSPECIFIED.,.F.,.F.,(4,1,1,1,1,1,1,1,1,
1,1,1,1,1,1,1,1,1,1,1,1,1,1,1,1,1,1,1,3,1,4),(0.,0.00308659231345534,0.00617318462691069,
0.00925977694036603,0.0123463692538214,0.0154329615672767,0.0185195538807321,
0.0216061461941874,0.0246927385076427,0.0277793308210981,0.0308659231345534,
0.0339525154480088,0.0370391077614641,0.0401257000749195,0.0432122923883748,
0.0462988847018301,0.0493854770152855,0.0524720693287408,0.0555586616421962,
0.0586452539556515,0.0617318462691069,0.0648184385825622,0.0679050308960175,
0.0709916232094729,0.0740782155229282,0.0771648078363836,0.0802514001498389,
0.0817946963065666,0.0833379924632943,0.0933379924632943,0.103337992463294),
 .UNSPECIFIED.);
#48=B_SPLINE_CURVE_WITH_KNOTS('',1,(#1775,#1776,#1777),.UNSPECIFIED.,.F.,
 .F.,(2,1,2),(0.,0.0833379924632943,0.103337992463294),.UNSPECIFIED.);
#49=B_SPLINE_CURVE_WITH_KNOTS('',3,(#1778,#1779,#1780,#1781,#1782,#1783,
#1784,#1785,#1786,#1787,#1788,#1789,#1790,#1791,#1792,#1793,#1794,#1795,
#1796,#1797,#1798,#1799,#1800,#1801,#1802,#1803,#1804,#1805,#1806,#1807,
#1808,#1809,#1810,#1811,#1812,#1813,#1814,#1815,#1816,#1817,#1818,#1819,
#1820,#1821,#1822,#1823,#1824,#1825,#1826,#1827),.UNSPECIFIED.,.F.,.F.,
(4,1,1,1,1,1,1,1,1,1,1,1,1,1,1,1,1,1,1,1,1,1,1,1,1,1,1,1,1,1,1,1,1,1,1,
1,1,1,1,1,1,1,1,1,1,1,1,4),(0.,0.0214175426492969,0.0428350852985937,0.0642526279478906,
0.0856701705971874,0.107087713246484,0.128505255895781,0.149922798545078,
0.171340341194375,0.192757883843672,0.214175426492969,0.235592969142265,
0.257010511791562,0.278428054440859,0.299845597090156,0.321263139739453,
0.34268068238875,0.364098225038046,0.385515767687343,0.40693331033664,0.428350852985937,
0.449768395635234,0.471185938284531,0.492603480933828,0.514021023583125,
0.535438566232421,0.556856108881718,0.578273651531015,0.599691194180312,
0.621108736829609,0.642526279478906,0.663943822128203,0.685361364777499,
0.706778907426796,0.728196450076093,0.74961399272539,0.771031535374687,
0.792449078023984,0.813866620673281,0.835284163322577,0.856701705971874,
0.878119248621171,0.899536791270468,0.920954333919765,0.942371876569062,
0.963789419218358,0.985206961867655,1.00662450451695),.UNSPECIFIED.);
#50=B_SPLINE_CURVE_WITH_KNOTS('',1,(#1828,#1829),.UNSPECIFIED.,.F.,.F.,
(2,2),(0.,1.00662450451695),.UNSPECIFIED.);
#51=B_SPLINE_CURVE_WITH_KNOTS('',3,(#1830,#1831,#1832,#1833,#1834,#1835,
#1836,#1837,#1838,#1839,#1840,#1841,#1842,#1843,#1844,#1845,#1846,#1847,
#1848,#1849,#1850,#1851,#1852,#1853,#1854,#1855,#1856,#1857,#1858,#1859,
#1860,#1861,#1862,#1863,#1864),.UNSPECIFIED.,.F.,.F.,(4,1,3,1,1,1,1,1,1,
1,1,1,1,1,1,1,1,1,1,1,1,1,1,1,1,1,1,1,1,1,4),(-0.103337992463294,-0.0933379924632943,
-0.0833379924632943,-0.0817946963065666,-0.0802514001498389,-0.0771648078363836,
-0.0740782155229282,-0.0709916232094729,-0.0679050308960175,-0.0648184385825622,
-0.0617318462691069,-0.0586452539556515,-0.0555586616421962,-0.0524720693287408,
-0.0493854770152855,-0.0462988847018301,-0.0432122923883748,-0.0401257000749195,
-0.0370391077614641,-0.0339525154480088,-0.0308659231345534,-0.0277793308210981,
-0.0246927385076427,-0.0216061461941874,-0.0185195538807321,-0.0154329615672767,
-0.0123463692538214,-0.00925977694036603,-0.00617318462691069,-0.00308659231345534,
0.),.UNSPECIFIED.);
#52=B_SPLINE_CURVE_WITH_KNOTS('',1,(#1865,#1866,#1867),.UNSPECIFIED.,.F.,
 .F.,(2,1,2),(-0.103337992463294,-0.0833379924632943,0.),.UNSPECIFIED.);
#53=B_SPLINE_CURVE_WITH_KNOTS('',3,(#1868,#1869,#1870,#1871,#1872,#1873,
#1874,#1875,#1876,#1877,#1878,#1879,#1880,#1881,#1882,#1883,#1884,#1885,
#1886,#1887,#1888,#1889,#1890,#1891,#1892,#1893,#1894,#1895,#1896,#1897,
#1898,#1899,#1900,#1901,#1902,#1903,#1904,#1905,#1906,#1907,#1908,#1909,
#1910,#1911,#1912,#1913,#1914,#1915,#1916,#1917),.UNSPECIFIED.,.F.,.F.,
(4,1,1,1,1,1,1,1,1,1,1,1,1,1,1,1,1,1,1,1,1,1,1,1,1,1,1,1,1,1,1,1,1,1,1,
1,1,1,1,1,1,1,1,1,1,1,1,4),(-1.00662450451695,-0.985206961867655,-0.963789419218358,
-0.942371876569062,-0.920954333919765,-0.899536791270468,-0.878119248621171,
-0.856701705971874,-0.835284163322577,-0.813866620673281,-0.792449078023984,
-0.771031535374687,-0.74961399272539,-0.728196450076093,-0.706778907426796,
-0.685361364777499,-0.663943822128203,-0.642526279478906,-0.621108736829609,
-0.599691194180312,-0.578273651531015,-0.556856108881718,-0.535438566232421,
-0.514021023583125,-0.492603480933828,-0.471185938284531,-0.449768395635234,
-0.428350852985937,-0.40693331033664,-0.385515767687343,-0.364098225038047,
-0.34268068238875,-0.321263139739453,-0.299845597090156,-0.278428054440859,
-0.257010511791562,-0.235592969142265,-0.214175426492969,-0.192757883843672,
-0.171340341194375,-0.149922798545078,-0.128505255895781,-0.107087713246484,
-0.0856701705971874,-0.0642526279478906,-0.0428350852985937,-0.0214175426492969,
0.),.UNSPECIFIED.);
#54=B_SPLINE_CURVE_WITH_KNOTS('',1,(#1918,#1919),.UNSPECIFIED.,.F.,.F.,
(2,2),(-1.00662450451695,0.),.UNSPECIFIED.);
#55=VERTEX_POINT('',#1736);
#56=VERTEX_POINT('',#1737);
#57=VERTEX_POINT('',#1738);
#58=VERTEX_POINT('',#1739);
#59=B_SPLINE_SURFACE_WITH_KNOTS('',3,3,((#86,#87,#88,#89,#90,#91,#92,#93,
#94,#95,#96,#97,#98,#99,#100,#101,#102,#103,#104,#105,#106,#107,#108,#109,
#110,#111,#112,#113,#114,#115,#116,#117,#118),(#119,#120,#121,#122,#123,
#124,#125,#126,#127,#128,#129,#130,#131,#132,#133,#134,#135,#136,#137,#138,
#139,#140,#141,#142,#143,#144,#145,#146,#147,#148,#149,#150,#151),(#152,
#153,#154,#155,#156,#157,#158,#159,#160,#161,#162,#163,#164,#165,#166,#167,
#168,#169,#170,#171,#172,#173,#174,#175,#176,#177,#178,#179,#180,#181,#182,
#183,#184),(#185,#186,#187,#188,#189,#190,#191,#192,#193,#194,#195,#196,
#197,#198,#199,#200,#201,#202,#203,#204,#205,#206,#207,#208,#209,#210,#211,
#212,#213,#214,#215,#216,#217),(#218,#219,#220,#221,#222,#223,#224,#225,
#226,#227,#228,#229,#230,#231,#232,#233,#234,#235,#236,#237,#238,#239,#240,
#241,#242,#243,#244,#245,#246,#247,#248,#249,#250),(#251,#252,#253,#254,
#255,#256,#257,#258,#259,#260,#261,#262,#263,#264,#265,#266,#267,#268,#269,
#270,#271,#272,#273,#274,#275,#276,#277,#278,#279,#280,#281,#282,#283),
(#284,#285,#286,#287,#288,#289,#290,#291,#292,#293,#294,#295,#296,#297,
#298,#299,#300,#301,#302,#303,#304,#305,#306,#307,#308,#309,#310,#311,#312,
#313,#314,#315,#316),(#317,#318,#319,#320,#321,#322,#323,#324,#325,#326,
#327,#328,#329,#330,#331,#332,#333,#334,#335,#336,#337,#338,#339,#340,#341,
#342,#343,#344,#345,#346,#347,#348,#349),(#350,#351,#352,#353,#354,#355,
#356,#357,#358,#359,#360,#361,#362,#363,#364,#365,#366,#367,#368,#369,#370,
#371,#372,#373,#374,#375,#376,#377,#378,#379,#380,#381,#382),(#383,#384,
#385,#386,#387,#388,#389,#390,#391,#392,#393,#394,#395,#396,#397,#398,#399,
#400,#401,#402,#403,#404,#405,#406,#407,#408,#409,#410,#411,#412,#413,#414,
#415),(#416,#417,#418,#419,#420,#421,#422,#423,#424,#425,#426,#427,#428,
#429,#430,#431,#432,#433,#434,#435,#436,#437,#438,#439,#440,#441,#442,#443,
#444,#445,#446,#447,#448),(#449,#450,#451,#452,#453,#454,#455,#456,#457,
#458,#459,#460,#461,#462,#463,#464,#465,#466,#467,#468,#469,#470,#471,#472,
#473,#474,#475,#476,#477,#478,#479,#480,#481),(#482,#483,#484,#485,#486,
#487,#488,#489,#490,#491,#492,#493,#494,#495,#496,#497,#498,#499,#500,#501,
#502,#503,#504,#505,#506,#507,#508,#509,#510,#511,#512,#513,#514),(#515,
#516,#517,#518,#519,#520,#521,#522,#523,#524,#525,#526,#527,#528,#529,#530,
#531,#532,#533,#534,#535,#536,#537,#538,#539,#540,#541,#542,#543,#544,#545,
#546,#547),(#548,#549,#550,#551,#552,#553,#554,#555,#556,#557,#558,#559,
#560,#561,#562,#563,#564,#565,#566,#567,#568,#569,#570,#571,#572,#573,#574,
#575,#576,#577,#578,#579,#580),(#581,#582,#583,#584,#585,#586,#587,#588,
#589,#590,#591,#592,#593,#594,#595,#596,#597,#598,#599,#600,#601,#602,#603,
#604,#605,#606,#607,#608,#609,#610,#611,#612,#613),(#614,#615,#616,#617,
#618,#619,#620,#621,#622,#623,#624,#625,#626,#627,#628,#629,#630,#631,#632,
#633,#634,#635,#636,#637,#638,#639,#640,#641,#642,#643,#644,#645,#646),
(#647,#648,#649,#650,#651,#652,#653,#654,#655,#656,#657,#658,#659,#660,
#661,#662,#663,#664,#665,#666,#667,#668,#669,#670,#671,#672,#673,#674,#675,
#676,#677,#678,#679),(#680,#681,#682,#683,#684,#685,#686,#687,#688,#689,
#690,#691,#692,#693,#694,#695,#696,#697,#698,#699,#700,#701,#702,#703,#704,
#705,#706,#707,#708,#709,#710,#711,#712),(#713,#714,#715,#716,#717,#718,
#719,#720,#721,#722,#723,#724,#725,#726,#727,#728,#729,#730,#731,#732,#733,
#734,#735,#736,#737,#738,#739,#740,#741,#742,#743,#744,#745),(#746,#747,
#748,#749,#750,#751,#752,#753,#754,#755,#756,#757,#758,#759,#760,#761,#762,
#763,#764,#765,#766,#767,#768,#769,#770,#771,#772,#773,#774,#775,#776,#777,
#778),(#779,#780,#781,#782,#783,#784,#785,#786,#787,#788,#789,#790,#791,
#792,#793,#794,#795,#796,#797,#798,#799,#800,#801,#802,#803,#804,#805,#806,
#807,#808,#809,#810,#811),(#812,#813,#814,#815,#816,#817,#818,#819,#820,
#821,#822,#823,#824,#825,#826,#827,#828,#829,#830,#831,#832,#833,#834,#835,
#836,#837,#838,#839,#840,#841,#842,#843,#844),(#845,#846,#847,#848,#849,
#850,#851,#852,#853,#854,#855,#856,#857,#858,#859,#860,#861,#862,#863,#864,
#865,#866,#867,#868,#869,#870,#871,#872,#873,#874,#875,#876,#877),(#878,
#879,#880,#881,#882,#883,#884,#885,#886,#887,#888,#889,#890,#891,#892,#893,
#894,#895,#896,#897,#898,#899,#900,#901,#902,#903,#904,#905,#906,#907,#908,
#909,#910),(#911,#912,#913,#914,#915,#916,#917,#918,#919,#920,#921,#922,
#923,#924,#925,#926,#927,#928,#929,#930,#931,#932,#933,#934,#935,#936,#937,
#938,#939,#940,#941,#942,#943),(#944,#945,#946,#947,#948,#949,#950,#951,
#952,#953,#954,#955,#956,#957,#958,#959,#960,#961,#962,#963,#964,#965,#966,
#967,#968,#969,#970,#971,#972,#973,#974,#975,#976),(#977,#978,#979,#980,
#981,#982,#983,#984,#985,#986,#987,#988,#989,#990,#991,#992,#993,#994,#995,
#996,#997,#998,#999,#1000,#1001,#1002,#1003,#1004,#1005,#1006,#1007,#1008,
#1009),(#1010,#1011,#1012,#1013,#1014,#1015,#1016,#1017,#1018,#1019,#1020,
#1021,#1022,#1023,#1024,#1025,#1026,#1027,#1028,#1029,#1030,#1031,#1032,
#1033,#1034,#1035,#1036,#1037,#1038,#1039,#1040,#1041,#1042),(#1043,#1044,
#1045,#1046,#1047,#1048,#1049,#1050,#1051,#1052,#1053,#1054,#1055,#1056,
#1057,#1058,#1059,#1060,#1061,#1062,#1063,#1064,#1065,#1066,#1067,#1068,
#1069,#1070,#1071,#1072,#1073,#1074,#1075),(#1076,#1077,#1078,#1079,#1080,
#1081,#1082,#1083,#1084,#1085,#1086,#1087,#1088,#1089,#1090,#1091,#1092,
#1093,#1094,#1095,#1096,#1097,#1098,#1099,#1100,#1101,#1102,#1103,#1104,
#1105,#1106,#1107,#1108),(#1109,#1110,#1111,#1112,#1113,#1114,#1115,#1116,
#1117,#1118,#1119,#1120,#1121,#1122,#1123,#1124,#1125,#1126,#1127,#1128,
#1129,#1130,#1131,#1132,#1133,#1134,#1135,#1136,#1137,#1138,#1139,#1140,
#1141),(#1142,#1143,#1144,#1145,#1146,#1147,#1148,#1149,#1150,#1151,#1152,
#1153,#1154,#1155,#1156,#1157,#1158,#1159,#1160,#1161,#1162,#1163,#1164,
#1165,#1166,#1167,#1168,#1169,#1170,#1171,#1172,#1173,#1174),(#1175,#1176,
#1177,#1178,#1179,#1180,#1181,#1182,#1183,#1184,#1185,#1186,#1187,#1188,
#1189,#1190,#1191,#1192,#1193,#1194,#1195,#1196,#1197,#1198,#1199,#1200,
#1201,#1202,#1203,#1204,#1205,#1206,#1207),(#1208,#1209,#1210,#1211,#1212,
#1213,#1214,#1215,#1216,#1217,#1218,#1219,#1220,#1221,#1222,#1223,#1224,
#1225,#1226,#1227,#1228,#1229,#1230,#1231,#1232,#1233,#1234,#1235,#1236,
#1237,#1238,#1239,#1240),(#1241,#1242,#1243,#1244,#1245,#1246,#1247,#1248,
#1249,#1250,#1251,#1252,#1253,#1254,#1255,#1256,#1257,#1258,#1259,#1260,
#1261,#1262,#1263,#1264,#1265,#1266,#1267,#1268,#1269,#1270,#1271,#1272,
#1273),(#1274,#1275,#1276,#1277,#1278,#1279,#1280,#1281,#1282,#1283,#1284,
#1285,#1286,#1287,#1288,#1289,#1290,#1291,#1292,#1293,#1294,#1295,#1296,
#1297,#1298,#1299,#1300,#1301,#1302,#1303,#1304,#1305,#1306),(#1307,#1308,
#1309,#1310,#1311,#1312,#1313,#1314,#1315,#1316,#1317,#1318,#1319,#1320,
#1321,#1322,#1323,#1324,#1325,#1326,#1327,#1328,#1329,#1330,#1331,#1332,
#1333,#1334,#1335,#1336,#1337,#1338,#1339),(#1340,#1341,#1342,#1343,#1344,
#1345,#1346,#1347,#1348,#1349,#1350,#1351,#1352,#1353,#1354,#1355,#1356,
#1357,#1358,#1359,#1360,#1361,#1362,#1363,#1364,#1365,#1366,#1367,#1368,
#1369,#1370,#1371,#1372),(#1373,#1374,#1375,#1376,#1377,#1378,#1379,#1380,
#1381,#1382,#1383,#1384,#1385,#1386,#1387,#1388,#1389,#1390,#1391,#1392,
#1393,#1394,#1395,#1396,#1397,#1398,#1399,#1400,#1401,#1402,#1403,#1404,
#1405),(#1406,#1407,#1408,#1409,#1410,#1411,#1412,#1413,#1414,#1415,#1416,
#1417,#1418,#1419,#1420,#1421,#1422,#1423,#1424,#1425,#1426,#1427,#1428,
#1429,#1430,#1431,#1432,#1433,#1434,#1435,#1436,#1437,#1438),(#1439,#1440,
#1441,#1442,#1443,#1444,#1445,#1446,#1447,#1448,#1449,#1450,#1451,#1452,
#1453,#1454,#1455,#1456,#1457,#1458,#1459,#1460,#1461,#1462,#1463,#1464,
#1465,#1466,#1467,#1468,#1469,#1470,#1471),(#1472,#1473,#1474,#1475,#1476,
#1477,#1478,#1479,#1480,#1481,#1482,#1483,#1484,#1485,#1486,#1487,#1488,
#1489,#1490,#1491,#1492,#1493,#1494,#1495,#1496,#1497,#1498,#1499,#1500,
#1501,#1502,#1503,#1504),(#1505,#1506,#1507,#1508,#1509,#1510,#1511,#1512,
#1513,#1514,#1515,#1516,#1517,#1518,#1519,#1520,#1521,#1522,#1523,#1524,
#1525,#1526,#1527,#1528,#1529,#1530,#1531,#1532,#1533,#1534,#1535,#1536,
#1537),(#1538,#1539,#1540,#1541,#1542,#1543,#1544,#1545,#1546,#1547,#1548,
#1549,#1550,#1551,#1552,#1553,#1554,#1555,#1556,#1557,#1558,#1559,#1560,
#1561,#1562,#1563,#1564,#1565,#1566,#1567,#1568,#1569,#1570),(#1571,#1572,
#1573,#1574,#1575,#1576,#1577,#1578,#1579,#1580,#1581,#1582,#1583,#1584,
#1585,#1586,#1587,#1588,#1589,#1590,#1591,#1592,#1593,#1594,#1595,#1596,
#1597,#1598,#1599,#1600,#1601,#1602,#1603),(#1604,#1605,#1606,#1607,#1608,
#1609,#1610,#1611,#1612,#1613,#1614,#1615,#1616,#1617,#1618,#1619,#1620,
#1621,#1622,#1623,#1624,#1625,#1626,#1627,#1628,#1629,#1630,#1631,#1632,
#1633,#1634,#1635,#1636),(#1637,#1638,#1639,#1640,#1641,#1642,#1643,#1644,
#1645,#1646,#1647,#1648,#1649,#1650,#1651,#1652,#1653,#1654,#1655,#1656,
#1657,#1658,#1659,#1660,#1661,#1662,#1663,#1664,#1665,#1666,#1667,#1668,
#1669),(#1670,#1671,#1672,#1673,#1674,#1675,#1676,#1677,#1678,#1679,#1680,
#1681,#1682,#1683,#1684,#1685,#1686,#1687,#1688,#1689,#1690,#1691,#1692,
#1693,#1694,#1695,#1696,#1697,#1698,#1699,#1700,#1701,#1702),(#1703,#1704,
#1705,#1706,#1707,#1708,#1709,#1710,#1711,#1712,#1713,#1714,#1715,#1716,
#1717,#1718,#1719,#1720,#1721,#1722,#1723,#1724,#1725,#1726,#1727,#1728,
#1729,#1730,#1731,#1732,#1733,#1734,#1735)),.UNSPECIFIED.,.F.,.F.,.F.,(4,
1,1,1,1,1,1,1,1,1,1,1,1,1,1,1,1,1,1,1,1,1,1,1,1,1,1,1,1,1,1,1,1,1,1,1,1,
1,1,1,1,1,1,1,1,1,1,4),(4,1,1,1,1,1,1,1,1,1,1,1,1,1,1,1,1,1,1,1,1,1,1,1,
1,1,1,1,1,1,4),(-1.00662450451695,-0.985206961867655,-0.963789419218358,
-0.942371876569062,-0.920954333919765,-0.899536791270468,-0.878119248621171,
-0.856701705971874,-0.835284163322577,-0.813866620673281,-0.792449078023984,
-0.771031535374687,-0.74961399272539,-0.728196450076093,-0.706778907426796,
-0.685361364777499,-0.663943822128203,-0.642526279478906,-0.621108736829609,
-0.599691194180312,-0.578273651531015,-0.556856108881718,-0.535438566232421,
-0.514021023583125,-0.492603480933828,-0.471185938284531,-0.449768395635234,
-0.428350852985937,-0.40693331033664,-0.385515767687343,-0.364098225038047,
-0.34268068238875,-0.321263139739453,-0.299845597090156,-0.278428054440859,
-0.257010511791562,-0.235592969142265,-0.214175426492969,-0.192757883843672,
-0.171340341194375,-0.149922798545078,-0.128505255895781,-0.107087713246484,
-0.0856701705971874,-0.0642526279478906,-0.0428350852985937,-0.0214175426492969,
0.),(-0.0833379924632943,-0.0802514001498389,-0.0771648078363836,-0.0740782155229282,
-0.0709916232094729,-0.0679050308960175,-0.0648184385825622,-0.0617318462691069,
-0.0586452539556515,-0.0555586616421962,-0.0524720693287408,-0.0493854770152855,
-0.0462988847018301,-0.0432122923883748,-0.0401257000749195,-0.0370391077614641,
-0.0339525154480088,-0.0308659231345534,-0.0277793308210981,-0.0246927385076427,
-0.0216061461941874,-0.0185195538807321,-0.0154329615672767,-0.0123463692538214,
-0.00925977694036603,-0.00617318462691069,-0.00308659231345534,-0.00154329615672767,
0.,0.01,0.02),.UNSPECIFIED.);
#60=SHAPE_DEFINITION_REPRESENTATION(#61,#78);
#61=PRODUCT_DEFINITION_SHAPE('Document','',#63);
#62=PRODUCT_DEFINITION_CONTEXT('3D Mechanical Parts',#67,'design');
#63=PRODUCT_DEFINITION('A','First version',#64,#62);
#64=PRODUCT_DEFINITION_FORMATION_WITH_SPECIFIED_SOURCE('A',
'First version',#69,.MADE.);
#65=PRODUCT_RELATED_PRODUCT_CATEGORY('tool','tool',(#69));
#66=APPLICATION_PROTOCOL_DEFINITION('Draft International Standard',
'automotive_design',1999,#67);
#67=APPLICATION_CONTEXT(
'data for automotive mechanical design processes');
#68=PRODUCT_CONTEXT('3D Mechanical Parts',#67,'mechanical');
#69=PRODUCT('Document','Document','',(#68));
#70=(
LENGTH_UNIT()
NAMED_UNIT(*)
SI_UNIT(.MILLI.,.METRE.)
);
#71=(
NAMED_UNIT(*)
PLANE_ANGLE_UNIT()
SI_UNIT($,.RADIAN.)
);
#72=DIMENSIONAL_EXPONENTS(0.,0.,0.,0.,0.,0.,0.);
#73=PLANE_ANGLE_MEASURE_WITH_UNIT(PLANE_ANGLE_MEASURE(0.01745329252),#71);
#74=(
CONVERSION_BASED_UNIT('DEGREES',#73)
NAMED_UNIT(#72)
PLANE_ANGLE_UNIT()
);
#75=(
NAMED_UNIT(*)
SI_UNIT($,.STERADIAN.)
SOLID_ANGLE_UNIT()
);
#76=UNCERTAINTY_MEASURE_WITH_UNIT(LENGTH_MEASURE(0.001),#70,
'DISTANCE_ACCURACY_VALUE',
'Maximum model space distance between geometric entities at asserted c
onnectivities');
#77=(
GEOMETRIC_REPRESENTATION_CONTEXT(3)
GLOBAL_UNCERTAINTY_ASSIGNED_CONTEXT((#76))
GLOBAL_UNIT_ASSIGNED_CONTEXT((#75,#74,#70))
REPRESENTATION_CONTEXT('ID1','3D')
);
#78=SHAPE_REPRESENTATION('Document',(#79,#80),#77);
#79=AXIS2_PLACEMENT_3D('',#85,#81,#82);
#80=AXIS2_PLACEMENT_3D('',#1920,#83,#84);
#81=DIRECTION('',(0.,0.,1.));
#82=DIRECTION('',(1.,0.,0.));
#83=DIRECTION('',(0.,0.,1.));
#84=DIRECTION('',(1.,0.,0.));
#85=CARTESIAN_POINT('',(0.,0.,0.));
#86=CARTESIAN_POINT('',(0.5,0.,-0.0625));
#87=CARTESIAN_POINT('',(0.5,0.,-0.0603448275862069));
#88=CARTESIAN_POINT('',(0.5,0.,-0.0581896551724138));
#89=CARTESIAN_POINT('',(0.5,0.,-0.0560344827586207));
#90=CARTESIAN_POINT('',(0.5,0.,-0.0538793103448276));
#91=CARTESIAN_POINT('',(0.5,0.,-0.0517241379310345));
#92=CARTESIAN_POINT('',(0.5,0.,-0.0495689655172414));
#93=CARTESIAN_POINT('',(0.5,0.,-0.0474137931034483));
#94=CARTESIAN_POINT('',(0.5,0.,-0.0452586206896552));
#95=CARTESIAN_POINT('',(0.5,0.,-0.0431034482758621));
#96=CARTESIAN_POINT('',(0.5,0.,-0.040948275862069));
#97=CARTESIAN_POINT('',(0.5,0.,-0.0387931034482759));
#98=CARTESIAN_POINT('',(0.5,0.,-0.0366379310344828));
#99=CARTESIAN_POINT('',(0.5,0.,-0.0344827586206897));
#100=CARTESIAN_POINT('',(0.5,0.,-0.0323275862068965));
#101=CARTESIAN_POINT('',(0.5,0.,-0.0301724137931034));
#102=CARTESIAN_POINT('',(0.5,0.,-0.0280172413793103));
#103=CARTESIAN_POINT('',(0.5,0.,-0.0258620689655172));
#104=CARTESIAN_POINT('',(0.5,0.,-0.0237068965517241));
#105=CARTESIAN_POINT('',(0.5,0.,-0.021551724137931));
#106=CARTESIAN_POINT('',(0.5,0.,-0.0193965517241379));
#107=CARTESIAN_POINT('',(0.5,0.,-0.0172413793103448));
#108=CARTESIAN_POINT('',(0.5,0.,-0.0150862068965517));
#109=CARTESIAN_POINT('',(0.5,0.,-0.0129310344827586));
#110=CARTESIAN_POINT('',(0.5,0.,-0.0107758620689655));
#111=CARTESIAN_POINT('',(0.5,0.,-0.00862068965517242));
#112=CARTESIAN_POINT('',(0.5,0.,-0.00646551724137931));
#113=CARTESIAN_POINT('',(0.5,0.,-0.00431034482758621));
#114=CARTESIAN_POINT('',(0.5,0.,-0.0021551724137931));
#115=CARTESIAN_POINT('',(0.5,0.,0.));
#116=CARTESIAN_POINT('',(0.5,0.,0.00666666666666667));
#117=CARTESIAN_POINT('',(0.5,0.,0.0133333333333333));
#118=CARTESIAN_POINT('',(0.5,0.,0.02));
#119=CARTESIAN_POINT('',(0.479591836734694,0.,-0.0625));
#120=CARTESIAN_POINT('',(0.479591836734694,0.000270992912683528,-0.0603448275862069));
#121=CARTESIAN_POINT('',(0.479591836734694,0.000532477302115003,-0.0581896551724138));
#122=CARTESIAN_POINT('',(0.479591836734694,0.000784453168294424,-0.0560344827586207));
#123=CARTESIAN_POINT('',(0.479591836734694,0.00102692051122179,-0.0538793103448276));
#124=CARTESIAN_POINT('',(0.479591836734694,0.0012598793308971,-0.0517241379310345));
#125=CARTESIAN_POINT('',(0.479591836734694,0.00148332962732036,-0.0495689655172414));
#126=CARTESIAN_POINT('',(0.479591836734694,0.00169727140049157,-0.0474137931034483));
#127=CARTESIAN_POINT('',(0.479591836734694,0.00190170465041072,-0.0452586206896552));
#128=CARTESIAN_POINT('',(0.479591836734694,0.00209662937707782,-0.0431034482758621));
#129=CARTESIAN_POINT('',(0.479591836734694,0.00228204558049287,-0.040948275862069));
#130=CARTESIAN_POINT('',(0.479591836734694,0.00245795326065586,-0.0387931034482759));
#131=CARTESIAN_POINT('',(0.479591836734694,0.0026243524175668,-0.0366379310344828));
#132=CARTESIAN_POINT('',(0.479591836734694,0.00278124305122568,-0.0344827586206897));
#133=CARTESIAN_POINT('',(0.479591836734694,0.00292862516163252,-0.0323275862068965));
#134=CARTESIAN_POINT('',(0.479591836734694,0.00306649874878729,-0.0301724137931034));
#135=CARTESIAN_POINT('',(0.479591836734694,0.00319486381269002,-0.0280172413793103));
#136=CARTESIAN_POINT('',(0.479591836734694,0.00331372035334069,-0.0258620689655172));
#137=CARTESIAN_POINT('',(0.479591836734694,0.0034230683707393,-0.0237068965517241));
#138=CARTESIAN_POINT('',(0.479591836734694,0.00352290786488587,-0.021551724137931));
#139=CARTESIAN_POINT('',(0.479591836734694,0.00361323883578038,-0.0193965517241379));
#140=CARTESIAN_POINT('',(0.479591836734694,0.00369406128342283,-0.0172413793103448));
#141=CARTESIAN_POINT('',(0.479591836734694,0.00376537520781323,-0.0150862068965517));
#142=CARTESIAN_POINT('',(0.479591836734694,0.00382718060895158,-0.0129310344827586));
#143=CARTESIAN_POINT('',(0.479591836734694,0.00387947748683788,-0.0107758620689655));
#144=CARTESIAN_POINT('',(0.479591836734694,0.00392226584147212,-0.00862068965517242));
#145=CARTESIAN_POINT('',(0.479591836734694,0.00395554567285431,-0.00646551724137931));
#146=CARTESIAN_POINT('',(0.479591836734694,0.00397931698098444,-0.00431034482758621));
#147=CARTESIAN_POINT('',(0.479591836734694,0.00399357976586252,-0.0021551724137931));
#148=CARTESIAN_POINT('',(0.479591836734694,0.00399833402748855,0.));
#149=CARTESIAN_POINT('',(0.479591836734694,0.00399833402748855,0.00666666666666667));
#150=CARTESIAN_POINT('',(0.479591836734694,0.00399833402748855,0.0133333333333333));
#151=CARTESIAN_POINT('',(0.479591836734694,0.00399833402748855,0.02));
#152=CARTESIAN_POINT('',(0.459183673469388,0.,-0.0625));
#153=CARTESIAN_POINT('',(0.459183673469388,0.000530694454005242,-0.0603448275862069));
#154=CARTESIAN_POINT('',(0.459183673469388,0.00104276804997521,-0.0581896551724138));
#155=CARTESIAN_POINT('',(0.459183673469388,0.00153622078790991,-0.0560344827586207));
#156=CARTESIAN_POINT('',(0.459183673469388,0.00201105266780934,-0.0538793103448276));
#157=CARTESIAN_POINT('',(0.459183673469388,0.0024672636896735,-0.0517241379310345));
#158=CARTESIAN_POINT('',(0.459183673469388,0.00290485385350238,-0.0495689655172414));
#159=CARTESIAN_POINT('',(0.459183673469388,0.003323823159296,-0.0474137931034483));
#160=CARTESIAN_POINT('',(0.459183673469388,0.00372417160705434,-0.0452586206896552));
#161=CARTESIAN_POINT('',(0.459183673469388,0.00410589919677741,-0.0431034482758621));
#162=CARTESIAN_POINT('',(0.459183673469388,0.00446900592846521,-0.040948275862069));
#163=CARTESIAN_POINT('',(0.459183673469388,0.00481349180211773,-0.0387931034482759));
#164=CARTESIAN_POINT('',(0.459183673469388,0.00513935681773499,-0.0366379310344828));
#165=CARTESIAN_POINT('',(0.459183673469388,0.00544660097531697,-0.0344827586206897));
#166=CARTESIAN_POINT('',(0.459183673469388,0.00573522427486368,-0.0323275862068965));
#167=CARTESIAN_POINT('',(0.459183673469388,0.00600522671637512,-0.0301724137931034));
#168=CARTESIAN_POINT('',(0.459183673469388,0.00625660829985129,-0.0280172413793103));
#169=CARTESIAN_POINT('',(0.459183673469388,0.00648936902529218,-0.0258620689655172));
#170=CARTESIAN_POINT('',(0.459183673469388,0.00670350889269781,-0.0237068965517241));
#171=CARTESIAN_POINT('',(0.459183673469388,0.00689902790206816,-0.021551724137931));
#172=CARTESIAN_POINT('',(0.459183673469388,0.00707592605340324,-0.0193965517241379));
#173=CARTESIAN_POINT('',(0.459183673469388,0.00723420334670305,-0.0172413793103448));
#174=CARTESIAN_POINT('',(0.459183673469388,0.00737385978196759,-0.0150862068965517));
#175=CARTESIAN_POINT('',(0.459183673469388,0.00749489535919686,-0.0129310344827586));
#176=CARTESIAN_POINT('',(0.459183673469388,0.00759731007839085,-0.0107758620689655));
#177=CARTESIAN_POINT('',(0.459183673469388,0.00768110393954957,-0.00862068965517242));
#178=CARTESIAN_POINT('',(0.459183673469388,0.00774627694267302,-0.00646551724137931));
#179=CARTESIAN_POINT('',(0.459183673469388,0.0077928290877612,-0.00431034482758621));
#180=CARTESIAN_POINT('',(0.459183673469388,0.00782076037481411,-0.0021551724137931));
#181=CARTESIAN_POINT('',(0.459183673469388,0.00783007080383175,0.));
#182=CARTESIAN_POINT('',(0.459183673469388,0.00783007080383175,0.00666666666666667));
#183=CARTESIAN_POINT('',(0.459183673469387,0.00783007080383175,0.0133333333333333));
#184=CARTESIAN_POINT('',(0.459183673469388,0.00783007080383175,0.02));
#185=CARTESIAN_POINT('',(0.438775510204082,0.,-0.0625));
#186=CARTESIAN_POINT('',(0.438775510204082,0.000779104623965142,-0.0603448275862069));
#187=CARTESIAN_POINT('',(0.438775510204082,0.00153087224358063,-0.0581896551724138));
#188=CARTESIAN_POINT('',(0.438775510204082,0.00225530285884647,-0.0560344827586207));
#189=CARTESIAN_POINT('',(0.438775510204082,0.00295239646976265,-0.0538793103448276));
#190=CARTESIAN_POINT('',(0.438775510204082,0.00362215307632917,-0.0517241379310345));
#191=CARTESIAN_POINT('',(0.438775510204082,0.00426457267854605,-0.0495689655172414));
#192=CARTESIAN_POINT('',(0.438775510204082,0.00487965527641326,-0.0474137931034483));
#193=CARTESIAN_POINT('',(0.438775510204082,0.00546740086993083,-0.0452586206896552));
#194=CARTESIAN_POINT('',(0.438775510204082,0.00602780945909874,-0.0431034482758621));
#195=CARTESIAN_POINT('',(0.438775510204082,0.00656088104391699,-0.040948275862069));
#196=CARTESIAN_POINT('',(0.438775510204082,0.00706661562438559,-0.0387931034482759));
#197=CARTESIAN_POINT('',(0.438775510204082,0.00754501320050454,-0.0366379310344828));
#198=CARTESIAN_POINT('',(0.438775510204082,0.00799607377227384,-0.0344827586206897));
#199=CARTESIAN_POINT('',(0.438775510204082,0.00841979733969348,-0.0323275862068965));
#200=CARTESIAN_POINT('',(0.438775510204082,0.00881618390276346,-0.0301724137931034));
#201=CARTESIAN_POINT('',(0.438775510204082,0.00918523346148379,-0.0280172413793103));
#202=CARTESIAN_POINT('',(0.438775510204082,0.00952694601585447,-0.0258620689655172));
#203=CARTESIAN_POINT('',(0.438775510204082,0.00984132156587549,-0.0237068965517241));
#204=CARTESIAN_POINT('',(0.438775510204082,0.0101283601115469,-0.021551724137931));
#205=CARTESIAN_POINT('',(0.438775510204082,0.0103880616528686,-0.0193965517241379));
#206=CARTESIAN_POINT('',(0.438775510204082,0.0106204261898406,-0.0172413793103448));
#207=CARTESIAN_POINT('',(0.438775510204082,0.010825453722463,-0.0150862068965517));
#208=CARTESIAN_POINT('',(0.438775510204082,0.0110031442507358,-0.0129310344827586));
#209=CARTESIAN_POINT('',(0.438775510204082,0.0111534977746589,-0.0107758620689655));
#210=CARTESIAN_POINT('',(0.438775510204082,0.0112765142942323,-0.00862068965517242));
#211=CARTESIAN_POINT('',(0.438775510204082,0.0113721938094561,-0.00646551724137931));
#212=CARTESIAN_POINT('',(0.438775510204082,0.0114405363203303,-0.00431034482758621));
#213=CARTESIAN_POINT('',(0.438775510204082,0.0114815418268547,-0.0021551724137931));
#214=CARTESIAN_POINT('',(0.438775510204082,0.0114952103290296,0.));
#215=CARTESIAN_POINT('',(0.438775510204082,0.0114952103290296,0.00666666666666667));
#216=CARTESIAN_POINT('',(0.438775510204082,0.0114952103290296,0.0133333333333333));
#217=CARTESIAN_POINT('',(0.438775510204082,0.0114952103290296,0.02));
#218=CARTESIAN_POINT('',(0.418367346938776,0.,-0.0625));
#219=CARTESIAN_POINT('',(0.418367346938776,0.00101622342256323,-0.0603448275862069));
#220=CARTESIAN_POINT('',(0.418367346938776,0.00199678988293126,-0.0581896551724138));
#221=CARTESIAN_POINT('',(0.418367346938776,0.00294169938110409,-0.0560344827586207));
#222=CARTESIAN_POINT('',(0.418367346938776,0.00385095191708172,-0.0538793103448276));
#223=CARTESIAN_POINT('',(0.418367346938776,0.00472454749086414,-0.0517241379310345));
#224=CARTESIAN_POINT('',(0.418367346938776,0.00556248610245136,-0.0495689655172414));
#225=CARTESIAN_POINT('',(0.418367346938776,0.00636476775184339,-0.0474137931034483));
#226=CARTESIAN_POINT('',(0.418367346938776,0.00713139243904021,-0.0452586206896552));
#227=CARTESIAN_POINT('',(0.418367346938776,0.00786236016404183,-0.0431034482758621));
#228=CARTESIAN_POINT('',(0.418367346938776,0.00855767092684825,-0.040948275862069));
#229=CARTESIAN_POINT('',(0.418367346938776,0.00921732472745947,-0.0387931034482759));
#230=CARTESIAN_POINT('',(0.418367346938776,0.00984132156587549,-0.0366379310344828));
#231=CARTESIAN_POINT('',(0.418367346938776,0.0104296614420963,-0.0344827586206897));
#232=CARTESIAN_POINT('',(0.418367346938776,0.0109823443561219,-0.0323275862068965));
#233=CARTESIAN_POINT('',(0.418367346938776,0.0114993703079523,-0.0301724137931034));
#234=CARTESIAN_POINT('',(0.418367346938776,0.0119807392975876,-0.0280172413793103));
#235=CARTESIAN_POINT('',(0.418367346938776,0.0124264513250276,-0.0258620689655172));
#236=CARTESIAN_POINT('',(0.418367346938776,0.0128365063902724,-0.0237068965517241));
#237=CARTESIAN_POINT('',(0.418367346938776,0.013210904493322,-0.021551724137931));
#238=CARTESIAN_POINT('',(0.418367346938776,0.0135496456341764,-0.0193965517241379));
#239=CARTESIAN_POINT('',(0.418367346938776,0.0138527298128356,-0.0172413793103448));
#240=CARTESIAN_POINT('',(0.418367346938776,0.0141201570292996,-0.0150862068965517));
#241=CARTESIAN_POINT('',(0.418367346938776,0.0143519272835684,-0.0129310344827586));
#242=CARTESIAN_POINT('',(0.418367346938776,0.014548040575642,-0.0107758620689655));
#243=CARTESIAN_POINT('',(0.418367346938776,0.0147084969055204,-0.00862068965517242));
#244=CARTESIAN_POINT('',(0.418367346938776,0.0148332962732036,-0.00646551724137931));
#245=CARTESIAN_POINT('',(0.418367346938776,0.0149224386786916,-0.00431034482758621));
#246=CARTESIAN_POINT('',(0.418367346938776,0.0149759241219844,-0.0021551724137931));
#247=CARTESIAN_POINT('',(0.418367346938776,0.014993752603082,0.));
#248=CARTESIAN_POINT('',(0.418367346938776,0.014993752603082,0.00666666666666667));
#249=CARTESIAN_POINT('',(0.418367346938775,0.014993752603082,0.0133333333333333));
#250=CARTESIAN_POINT('',(0.418367346938776,0.014993752603082,0.02));
#251=CARTESIAN_POINT('',(0.397959183673469,0.,-0.0625));
#252=CARTESIAN_POINT('',(0.397959183673469,0.0012420508497995,-0.0603448275862069));
#253=CARTESIAN_POINT('',(0.397959183673469,0.0024405209680271,-0.0581896551724138));
#254=CARTESIAN_POINT('',(0.397959183673469,0.00359541035468277,-0.0560344827586207));
#255=CARTESIAN_POINT('',(0.397959183673469,0.00470671900976654,-0.0538793103448276));
#256=CARTESIAN_POINT('',(0.397959183673469,0.0057744469332784,-0.0517241379310345));
#257=CARTESIAN_POINT('',(0.397959183673469,0.00679859412521834,-0.0495689655172414));
#258=CARTESIAN_POINT('',(0.397959183673469,0.00777916058558637,-0.0474137931034483));
#259=CARTESIAN_POINT('',(0.397959183673469,0.00871614631438248,-0.0452586206896552));
#260=CARTESIAN_POINT('',(0.397959183673469,0.00960955131160669,-0.0431034482758621));
#261=CARTESIAN_POINT('',(0.397959183673469,0.010459375577259,-0.040948275862069));
#262=CARTESIAN_POINT('',(0.397959183673469,0.0112656191113394,-0.0387931034482759));
#263=CARTESIAN_POINT('',(0.397959183673469,0.0120282819138478,-0.0366379310344828));
#264=CARTESIAN_POINT('',(0.397959183673469,0.0127473639847844,-0.0344827586206897));
#265=CARTESIAN_POINT('',(0.397959183673469,0.013422865324149,-0.0323275862068965));
#266=CARTESIAN_POINT('',(0.397959183673469,0.0140547859319418,-0.0301724137931034));
#267=CARTESIAN_POINT('',(0.397959183673469,0.0146431258081626,-0.0280172413793103));
#268=CARTESIAN_POINT('',(0.397959183673469,0.0151878849528115,-0.0258620689655172));
#269=CARTESIAN_POINT('',(0.397959183673469,0.0156890633658885,-0.0237068965517241));
#270=CARTESIAN_POINT('',(0.397959183673469,0.0161466610473936,-0.021551724137931));
#271=CARTESIAN_POINT('',(0.397959183673469,0.0165606779973267,-0.0193965517241379));
#272=CARTESIAN_POINT('',(0.397959183673469,0.016931114215688,-0.0172413793103448));
#273=CARTESIAN_POINT('',(0.397959183673469,0.0172579697024773,-0.0150862068965517));
#274=CARTESIAN_POINT('',(0.397959183673469,0.0175412444576948,-0.0129310344827586));
#275=CARTESIAN_POINT('',(0.397959183673469,0.0177809384813403,-0.0107758620689655));
#276=CARTESIAN_POINT('',(0.397959183673469,0.0179770517734139,-0.00862068965517242));
#277=CARTESIAN_POINT('',(0.397959183673469,0.0181295843339156,-0.00646551724137931));
#278=CARTESIAN_POINT('',(0.397959183673469,0.0182385361628454,-0.00431034482758621));
#279=CARTESIAN_POINT('',(0.397959183673469,0.0183039072602032,-0.0021551724137931));
#280=CARTESIAN_POINT('',(0.397959183673469,0.0183256976259892,0.));
#281=CARTESIAN_POINT('',(0.39795918367347,0.0183256976259892,0.00666666666666667));
#282=CARTESIAN_POINT('',(0.397959183673469,0.0183256976259892,0.0133333333333333));
#283=CARTESIAN_POINT('',(0.397959183673469,0.0183256976259892,0.02));
#284=CARTESIAN_POINT('',(0.377551020408163,0.,-0.0625));
#285=CARTESIAN_POINT('',(0.377551020408163,0.00145658690567396,-0.0603448275862069));
#286=CARTESIAN_POINT('',(0.377551020408163,0.00286206549886814,-0.0581896551724138));
#287=CARTESIAN_POINT('',(0.377551020408163,0.00421643577958253,-0.0560344827586207));
#288=CARTESIAN_POINT('',(0.377551020408163,0.00551969774781713,-0.0538793103448276));
#289=CARTESIAN_POINT('',(0.377551020408163,0.00677185140357194,-0.0517241379310345));
#290=CARTESIAN_POINT('',(0.377551020408163,0.00797289674684696,-0.0495689655172414));
#291=CARTESIAN_POINT('',(0.377551020408163,0.0091228337776422,-0.0474137931034483));
#292=CARTESIAN_POINT('',(0.377551020408163,0.0102216624959576,-0.0452586206896552));
#293=CARTESIAN_POINT('',(0.377551020408163,0.0112693829017933,-0.0431034482758621));
#294=CARTESIAN_POINT('',(0.377551020408163,0.0122659949951492,-0.040948275862069));
#295=CARTESIAN_POINT('',(0.377551020408163,0.0132114987760253,-0.0387931034482759));
#296=CARTESIAN_POINT('',(0.377551020408163,0.0141058942444215,-0.0366379310344828));
#297=CARTESIAN_POINT('',(0.377551020408163,0.0149491814003381,-0.0344827586206897));
#298=CARTESIAN_POINT('',(0.377551020408163,0.0157413602437748,-0.0323275862068965));
#299=CARTESIAN_POINT('',(0.377551020408163,0.0164824307747317,-0.0301724137931034));
#300=CARTESIAN_POINT('',(0.377551020408163,0.0171723929932088,-0.0280172413793103));
#301=CARTESIAN_POINT('',(0.377551020408163,0.0178112468992062,-0.0258620689655172));
#302=CARTESIAN_POINT('',(0.377551020408163,0.0183989924927238,-0.0237068965517241));
#303=CARTESIAN_POINT('',(0.377551020408163,0.0189356297737615,-0.021551724137931));
#304=CARTESIAN_POINT('',(0.377551020408163,0.0194211587423195,-0.0193965517241379));
#305=CARTESIAN_POINT('',(0.377551020408163,0.0198555793983977,-0.0172413793103448));
#306=CARTESIAN_POINT('',(0.377551020408163,0.0202388917419961,-0.0150862068965517));
#307=CARTESIAN_POINT('',(0.377551020408163,0.0205710957731148,-0.0129310344827586));
#308=CARTESIAN_POINT('',(0.377551020408163,0.0208521914917536,-0.0107758620689655));
#309=CARTESIAN_POINT('',(0.377551020408163,0.0210821788979126,-0.00862068965517242));
#310=CARTESIAN_POINT('',(0.377551020408163,0.0212610579915919,-0.00646551724137931));
#311=CARTESIAN_POINT('',(0.377551020408163,0.0213888287727914,-0.00431034482758621));
#312=CARTESIAN_POINT('',(0.377551020408163,0.021465491241511,-0.0021551724137931));
#313=CARTESIAN_POINT('',(0.377551020408163,0.0214910453977509,0.));
#314=CARTESIAN_POINT('',(0.377551020408163,0.0214910453977509,0.00666666666666667));
#315=CARTESIAN_POINT('',(0.377551020408163,0.0214910453977509,0.0133333333333333));
#316=CARTESIAN_POINT('',(0.377551020408163,0.0214910453977509,0.02));
#317=CARTESIAN_POINT('',(0.357142857142857,0.,-0.0625));
#318=CARTESIAN_POINT('',(0.357142857142857,0.00165983159018661,-0.0603448275862069));
#319=CARTESIAN_POINT('',(0.357142857142857,0.00326142347545439,-0.0581896551724138));
#320=CARTESIAN_POINT('',(0.357142857142857,0.00480477565580334,-0.0560344827586207));
#321=CARTESIAN_POINT('',(0.357142857142857,0.00628988813123347,-0.0538793103448276));
#322=CARTESIAN_POINT('',(0.357142857142857,0.00771676090174477,-0.0517241379310345));
#323=CARTESIAN_POINT('',(0.357142857142857,0.00908539396733723,-0.0495689655172414));
#324=CARTESIAN_POINT('',(0.357142857142857,0.0103957873280109,-0.0474137931034483));
#325=CARTESIAN_POINT('',(0.357142857142857,0.0116479409837657,-0.0452586206896552));
#326=CARTESIAN_POINT('',(0.357142857142857,0.0128418549346017,-0.0431034482758621));
#327=CARTESIAN_POINT('',(0.357142857142857,0.0139775291805188,-0.040948275862069));
#328=CARTESIAN_POINT('',(0.357142857142857,0.0150549637215171,-0.0387931034482759));
#329=CARTESIAN_POINT('',(0.357142857142857,0.0160741585575966,-0.0366379310344828));
#330=CARTESIAN_POINT('',(0.357142857142857,0.0170351136887573,-0.0344827586206897));
#331=CARTESIAN_POINT('',(0.357142857142857,0.0179378291149992,-0.0323275862068965));
#332=CARTESIAN_POINT('',(0.357142857142857,0.0187823048363222,-0.0301724137931034));
#333=CARTESIAN_POINT('',(0.357142857142857,0.0195685408527264,-0.0280172413793103));
#334=CARTESIAN_POINT('',(0.357142857142857,0.0202965371642117,-0.0258620689655172));
#335=CARTESIAN_POINT('',(0.357142857142857,0.0209662937707782,-0.0237068965517241));
#336=CARTESIAN_POINT('',(0.357142857142857,0.0215778106724259,-0.021551724137931));
#337=CARTESIAN_POINT('',(0.357142857142857,0.0221310878691548,-0.0193965517241379));
#338=CARTESIAN_POINT('',(0.357142857142857,0.0226261253609648,-0.0172413793103448));
#339=CARTESIAN_POINT('',(0.357142857142857,0.0230629231478561,-0.0150862068965517));
#340=CARTESIAN_POINT('',(0.357142857142857,0.0234414812298284,-0.0129310344827586));
#341=CARTESIAN_POINT('',(0.357142857142857,0.023761799606882,-0.0107758620689655));
#342=CARTESIAN_POINT('',(0.357142857142857,0.0240238782790167,-0.00862068965517242));
#343=CARTESIAN_POINT('',(0.357142857142857,0.0242277172462326,-0.00646551724137931));
#344=CARTESIAN_POINT('',(0.357142857142857,0.0243733165085297,-0.00431034482758621));
#345=CARTESIAN_POINT('',(0.357142857142857,0.0244606760659079,-0.0021551724137931));
#346=CARTESIAN_POINT('',(0.357142857142857,0.0244897959183674,0.));
#347=CARTESIAN_POINT('',(0.357142857142857,0.0244897959183673,0.00666666666666667));
#348=CARTESIAN_POINT('',(0.357142857142857,0.0244897959183674,0.0133333333333333));
#349=CARTESIAN_POINT('',(0.357142857142857,0.0244897959183674,0.02));
#350=CARTESIAN_POINT('',(0.336734693877551,0.,-0.0625));
#351=CARTESIAN_POINT('',(0.336734693877551,0.00185178490333744,-0.0603448275862069));
#352=CARTESIAN_POINT('',(0.336734693877551,0.00363859489778585,-0.0581896551724138));
#353=CARTESIAN_POINT('',(0.336734693877551,0.00536042998334522,-0.0560344827586207));
#354=CARTESIAN_POINT('',(0.336734693877551,0.00701729016001557,-0.0538793103448276));
#355=CARTESIAN_POINT('',(0.336734693877551,0.00860917542779688,-0.0517241379310345));
#356=CARTESIAN_POINT('',(0.336734693877551,0.0101360857866892,-0.0495689655172414));
#357=CARTESIAN_POINT('',(0.336734693877551,0.0115980212366924,-0.0474137931034483));
#358=CARTESIAN_POINT('',(0.336734693877551,0.0129949817778066,-0.0452586206896552));
#359=CARTESIAN_POINT('',(0.336734693877551,0.0143269674100318,-0.0431034482758621));
#360=CARTESIAN_POINT('',(0.336734693877551,0.0155939781333679,-0.040948275862069));
#361=CARTESIAN_POINT('',(0.336734693877551,0.016796013947815,-0.0387931034482759));
#362=CARTESIAN_POINT('',(0.336734693877551,0.0179330748533731,-0.0366379310344828));
#363=CARTESIAN_POINT('',(0.336734693877551,0.0190051608500422,-0.0344827586206897));
#364=CARTESIAN_POINT('',(0.336734693877551,0.0200122719378222,-0.0323275862068965));
#365=CARTESIAN_POINT('',(0.336734693877551,0.0209544081167132,-0.0301724137931034));
#366=CARTESIAN_POINT('',(0.336734693877551,0.0218315693867151,-0.0280172413793103));
#367=CARTESIAN_POINT('',(0.336734693877551,0.022643755747828,-0.0258620689655172));
#368=CARTESIAN_POINT('',(0.336734693877551,0.0233909672000519,-0.0237068965517241));
#369=CARTESIAN_POINT('',(0.336734693877551,0.0240732037433867,-0.021551724137931));
#370=CARTESIAN_POINT('',(0.336734693877551,0.0246904653778326,-0.0193965517241379));
#371=CARTESIAN_POINT('',(0.336734693877551,0.0252427521033893,-0.0172413793103448));
#372=CARTESIAN_POINT('',(0.336734693877551,0.0257300639200571,-0.0150862068965517));
#373=CARTESIAN_POINT('',(0.336734693877551,0.0261524008278358,-0.0129310344827586));
#374=CARTESIAN_POINT('',(0.336734693877551,0.0265097628267255,-0.0107758620689655));
#375=CARTESIAN_POINT('',(0.336734693877551,0.0268021499167261,-0.00862068965517242));
#376=CARTESIAN_POINT('',(0.336734693877551,0.0270295620978377,-0.00646551724137931));
#377=CARTESIAN_POINT('',(0.336734693877551,0.0271919993700603,-0.00431034482758621));
#378=CARTESIAN_POINT('',(0.336734693877551,0.0272894617333939,-0.0021551724137931));
#379=CARTESIAN_POINT('',(0.336734693877551,0.0273219491878384,0.));
#380=CARTESIAN_POINT('',(0.336734693877551,0.0273219491878384,0.00666666666666667));
#381=CARTESIAN_POINT('',(0.336734693877551,0.0273219491878384,0.0133333333333333));
#382=CARTESIAN_POINT('',(0.336734693877551,0.0273219491878384,0.02));
#383=CARTESIAN_POINT('',(0.316326530612245,0.,-0.0625));
#384=CARTESIAN_POINT('',(0.316326530612245,0.00203244684512646,-0.0603448275862069));
#385=CARTESIAN_POINT('',(0.316326530612245,0.00399357976586252,-0.0581896551724138));
#386=CARTESIAN_POINT('',(0.316326530612245,0.00588339876220817,-0.0560344827586207));
#387=CARTESIAN_POINT('',(0.316326530612245,0.00770190383416343,-0.0538793103448276));
#388=CARTESIAN_POINT('',(0.316326530612245,0.00944909498172828,-0.0517241379310345));
#389=CARTESIAN_POINT('',(0.316326530612245,0.0111249722049027,-0.0495689655172414));
#390=CARTESIAN_POINT('',(0.316326530612245,0.0127295355036868,-0.0474137931034483));
#391=CARTESIAN_POINT('',(0.316326530612245,0.0142627848780804,-0.0452586206896552));
#392=CARTESIAN_POINT('',(0.316326530612245,0.0157247203280837,-0.0431034482758621));
#393=CARTESIAN_POINT('',(0.316326530612245,0.0171153418536965,-0.040948275862069));
#394=CARTESIAN_POINT('',(0.316326530612245,0.018434649454919,-0.0387931034482759));
#395=CARTESIAN_POINT('',(0.316326530612245,0.019682643131751,-0.0366379310344828));
#396=CARTESIAN_POINT('',(0.316326530612245,0.0208593228841926,-0.0344827586206897));
#397=CARTESIAN_POINT('',(0.316326530612245,0.0219646887122439,-0.0323275862068965));
#398=CARTESIAN_POINT('',(0.316326530612245,0.0229987406159047,-0.0301724137931034));
#399=CARTESIAN_POINT('',(0.316326530612245,0.0239614785951751,-0.0280172413793103));
#400=CARTESIAN_POINT('',(0.316326530612245,0.0248529026500551,-0.0258620689655172));
#401=CARTESIAN_POINT('',(0.316326530612245,0.0256730127805448,-0.0237068965517241));
#402=CARTESIAN_POINT('',(0.316326530612245,0.026421808986644,-0.021551724137931));
#403=CARTESIAN_POINT('',(0.316326530612245,0.0270992912683528,-0.0193965517241379));
#404=CARTESIAN_POINT('',(0.316326530612245,0.0277054596256712,-0.0172413793103448));
#405=CARTESIAN_POINT('',(0.316326530612245,0.0282403140585992,-0.0150862068965517));
#406=CARTESIAN_POINT('',(0.316326530612245,0.0287038545671369,-0.0129310344827586));
#407=CARTESIAN_POINT('',(0.316326530612245,0.0290960811512841,-0.0107758620689655));
#408=CARTESIAN_POINT('',(0.316326530612245,0.0294169938110409,-0.00862068965517242));
#409=CARTESIAN_POINT('',(0.316326530612245,0.0296665925464073,-0.00646551724137931));
#410=CARTESIAN_POINT('',(0.316326530612245,0.0298448773573833,-0.00431034482758621));
#411=CARTESIAN_POINT('',(0.316326530612245,0.0299518482439689,-0.0021551724137931));
#412=CARTESIAN_POINT('',(0.316326530612245,0.0299875052061641,0.));
#413=CARTESIAN_POINT('',(0.316326530612245,0.0299875052061641,0.00666666666666667));
#414=CARTESIAN_POINT('',(0.316326530612245,0.0299875052061641,0.0133333333333333));
#415=CARTESIAN_POINT('',(0.316326530612245,0.0299875052061641,0.02));
#416=CARTESIAN_POINT('',(0.295918367346939,0.,-0.0625));
#417=CARTESIAN_POINT('',(0.295918367346939,0.00220181741555366,-0.0603448275862069));
#418=CARTESIAN_POINT('',(0.295918367346939,0.0043263780796844,-0.0581896551724138));
#419=CARTESIAN_POINT('',(0.295918367346939,0.00637368199239219,-0.0560344827586207));
#420=CARTESIAN_POINT('',(0.295918367346939,0.00834372915367705,-0.0538793103448276));
#421=CARTESIAN_POINT('',(0.295918367346939,0.010236519563539,-0.0517241379310345));
#422=CARTESIAN_POINT('',(0.295918367346939,0.012052053221978,-0.0495689655172414));
#423=CARTESIAN_POINT('',(0.295918367346939,0.013790330128994,-0.0474137931034483));
#424=CARTESIAN_POINT('',(0.295918367346939,0.0154513502845871,-0.0452586206896552));
#425=CARTESIAN_POINT('',(0.295918367346939,0.0170351136887573,-0.0431034482758621));
#426=CARTESIAN_POINT('',(0.295918367346939,0.0185416203415046,-0.040948275862069));
#427=CARTESIAN_POINT('',(0.295918367346939,0.0199708702428289,-0.0387931034482759));
#428=CARTESIAN_POINT('',(0.295918367346939,0.0213228633927302,-0.0366379310344828));
#429=CARTESIAN_POINT('',(0.295918367346939,0.0225975997912087,-0.0344827586206897));
#430=CARTESIAN_POINT('',(0.295918367346939,0.0237950794382642,-0.0323275862068965));
#431=CARTESIAN_POINT('',(0.295918367346939,0.0249153023338967,-0.0301724137931034));
#432=CARTESIAN_POINT('',(0.295918367346939,0.0259582684781064,-0.0280172413793103));
#433=CARTESIAN_POINT('',(0.295918367346939,0.0269239778708931,-0.0258620689655172));
#434=CARTESIAN_POINT('',(0.295918367346939,0.0278124305122568,-0.0237068965517241));
#435=CARTESIAN_POINT('',(0.295918367346939,0.0286236264021977,-0.021551724137931));
#436=CARTESIAN_POINT('',(0.295918367346939,0.0293575655407155,-0.0193965517241379));
#437=CARTESIAN_POINT('',(0.295918367346939,0.0300142479278105,-0.0172413793103448));
#438=CARTESIAN_POINT('',(0.295918367346939,0.0305936735634825,-0.0150862068965517));
#439=CARTESIAN_POINT('',(0.295918367346939,0.0310958424477316,-0.0129310344827586));
#440=CARTESIAN_POINT('',(0.295918367346939,0.0315207545805577,-0.0107758620689655));
#441=CARTESIAN_POINT('',(0.295918367346939,0.031868409961961,-0.00862068965517242));
#442=CARTESIAN_POINT('',(0.295918367346939,0.0321388085919412,-0.00646551724137931));
#443=CARTESIAN_POINT('',(0.295918367346939,0.0323319504704986,-0.00431034482758621));
#444=CARTESIAN_POINT('',(0.295918367346939,0.032447835597633,-0.0021551724137931));
#445=CARTESIAN_POINT('',(0.295918367346939,0.0324864639733444,0.));
#446=CARTESIAN_POINT('',(0.295918367346939,0.0324864639733444,0.00666666666666667));
#447=CARTESIAN_POINT('',(0.295918367346939,0.0324864639733444,0.0133333333333333));
#448=CARTESIAN_POINT('',(0.295918367346939,0.0324864639733444,0.02));
#449=CARTESIAN_POINT('',(0.275510204081633,0.,-0.0625));
#450=CARTESIAN_POINT('',(0.275510204081633,0.00235989661461905,-0.0603448275862069));
#451=CARTESIAN_POINT('',(0.275510204081633,0.00463698983925148,-0.0581896551724138));
#452=CARTESIAN_POINT('',(0.275510204081633,0.00683127967389727,-0.0560344827586207));
#453=CARTESIAN_POINT('',(0.275510204081633,0.00894276611855643,-0.0538793103448276));
#454=CARTESIAN_POINT('',(0.275510204081633,0.010971449173229,-0.0517241379310345));
#455=CARTESIAN_POINT('',(0.275510204081633,0.0129173288379148,-0.0495689655172414));
#456=CARTESIAN_POINT('',(0.275510204081633,0.0147804051126141,-0.0474137931034483));
#457=CARTESIAN_POINT('',(0.275510204081633,0.0165606779973267,-0.0452586206896552));
#458=CARTESIAN_POINT('',(0.275510204081633,0.0182581474920527,-0.0431034482758621));
#459=CARTESIAN_POINT('',(0.275510204081633,0.0198728135967921,-0.040948275862069));
#460=CARTESIAN_POINT('',(0.275510204081633,0.0214046763115448,-0.0387931034482759));
#461=CARTESIAN_POINT('',(0.275510204081633,0.0228537356363109,-0.0366379310344828));
#462=CARTESIAN_POINT('',(0.275510204081633,0.0242199915710903,-0.0344827586206897));
#463=CARTESIAN_POINT('',(0.275510204081633,0.0255034441158832,-0.0323275862068965));
#464=CARTESIAN_POINT('',(0.275510204081633,0.0267040932706893,-0.0301724137931034));
#465=CARTESIAN_POINT('',(0.275510204081633,0.0278219390355089,-0.0280172413793103));
#466=CARTESIAN_POINT('',(0.275510204081633,0.0288569814103418,-0.0258620689655172));
#467=CARTESIAN_POINT('',(0.275510204081633,0.0298092203951881,-0.0237068965517241));
#468=CARTESIAN_POINT('',(0.275510204081633,0.0306786559900477,-0.021551724137931));
#469=CARTESIAN_POINT('',(0.275510204081633,0.0314652881949208,-0.0193965517241379));
#470=CARTESIAN_POINT('',(0.275510204081633,0.0321691170098072,-0.0172413793103448));
#471=CARTESIAN_POINT('',(0.275510204081633,0.0327901424347069,-0.0150862068965517));
#472=CARTESIAN_POINT('',(0.275510204081633,0.03332836446962,-0.0129310344827586));
#473=CARTESIAN_POINT('',(0.275510204081633,0.0337837831145465,-0.0107758620689655));
#474=CARTESIAN_POINT('',(0.275510204081633,0.0341563983694864,-0.00862068965517242));
#475=CARTESIAN_POINT('',(0.275510204081633,0.0344462102344396,-0.00646551724137931));
#476=CARTESIAN_POINT('',(0.275510204081633,0.0346532187094062,-0.00431034482758621));
#477=CARTESIAN_POINT('',(0.275510204081633,0.0347774237943861,-0.0021551724137931));
#478=CARTESIAN_POINT('',(0.275510204081633,0.0348188254893794,0.));
#479=CARTESIAN_POINT('',(0.275510204081633,0.0348188254893794,0.00666666666666667));
#480=CARTESIAN_POINT('',(0.275510204081633,0.0348188254893795,0.0133333333333333));
#481=CARTESIAN_POINT('',(0.275510204081633,0.0348188254893794,0.02));
#482=CARTESIAN_POINT('',(0.255102040816326,0.,-0.0625));
#483=CARTESIAN_POINT('',(0.255102040816326,0.00250668444232263,-0.0603448275862069));
#484=CARTESIAN_POINT('',(0.255102040816326,0.00492541504456378,-0.0581896551724138));
#485=CARTESIAN_POINT('',(0.255102040816326,0.00725619180672342,-0.0560344827586207));
#486=CARTESIAN_POINT('',(0.255102040816326,0.00949901472880157,-0.0538793103448276));
#487=CARTESIAN_POINT('',(0.255102040816326,0.0116538838107982,-0.0517241379310345));
#488=CARTESIAN_POINT('',(0.255102040816326,0.0137207990527134,-0.0495689655172414));
#489=CARTESIAN_POINT('',(0.255102040816326,0.015699760454547,-0.0474137931034483));
#490=CARTESIAN_POINT('',(0.255102040816326,0.0175907680162992,-0.0452586206896552));
#491=CARTESIAN_POINT('',(0.255102040816326,0.0193938217379699,-0.0431034482758621));
#492=CARTESIAN_POINT('',(0.255102040816326,0.021108921619559,-0.040948275862069));
#493=CARTESIAN_POINT('',(0.255102040816326,0.0227360676610667,-0.0387931034482759));
#494=CARTESIAN_POINT('',(0.255102040816326,0.0242752598624929,-0.0366379310344828));
#495=CARTESIAN_POINT('',(0.255102040816326,0.0257264982238376,-0.0344827586206897));
#496=CARTESIAN_POINT('',(0.255102040816326,0.0270897827451008,-0.0323275862068965));
#497=CARTESIAN_POINT('',(0.255102040816326,0.0283651134262825,-0.0301724137931034));
#498=CARTESIAN_POINT('',(0.255102040816326,0.0295524902673827,-0.0280172413793103));
#499=CARTESIAN_POINT('',(0.255102040816326,0.0306519132684013,-0.0258620689655172));
#500=CARTESIAN_POINT('',(0.255102040816326,0.0316633824293386,-0.0237068965517241));
#501=CARTESIAN_POINT('',(0.255102040816326,0.0325868977501943,-0.021551724137931));
#502=CARTESIAN_POINT('',(0.255102040816326,0.0334224592309685,-0.0193965517241379));
#503=CARTESIAN_POINT('',(0.255102040816326,0.0341700668716612,-0.0172413793103448));
#504=CARTESIAN_POINT('',(0.255102040816326,0.0348297206722724,-0.0150862068965517));
#505=CARTESIAN_POINT('',(0.255102040816326,0.0354014206328021,-0.0129310344827586));
#506=CARTESIAN_POINT('',(0.255102040816326,0.0358851667532504,-0.0107758620689655));
#507=CARTESIAN_POINT('',(0.255102040816326,0.0362809590336171,-0.00862068965517242));
#508=CARTESIAN_POINT('',(0.255102040816326,0.0365887974739023,-0.00646551724137931));
#509=CARTESIAN_POINT('',(0.255102040816326,0.0368086820741061,-0.00431034482758621));
#510=CARTESIAN_POINT('',(0.255102040816326,0.0369406128342283,-0.0021551724137931));
#511=CARTESIAN_POINT('',(0.255102040816326,0.0369845897542691,0.));
#512=CARTESIAN_POINT('',(0.255102040816326,0.0369845897542691,0.00666666666666667));
#513=CARTESIAN_POINT('',(0.255102040816326,0.036984589754269,0.0133333333333333));
#514=CARTESIAN_POINT('',(0.255102040816326,0.0369845897542691,0.02));
#515=CARTESIAN_POINT('',(0.23469387755102,0.,-0.0625));
#516=CARTESIAN_POINT('',(0.23469387755102,0.00264218089866439,-0.0603448275862069));
#517=CARTESIAN_POINT('',(0.23469387755102,0.00519165369562128,-0.0581896551724138));
#518=CARTESIAN_POINT('',(0.23469387755102,0.00764841839087063,-0.0560344827586207));
#519=CARTESIAN_POINT('',(0.23469387755102,0.0100124749844125,-0.0538793103448276));
#520=CARTESIAN_POINT('',(0.23469387755102,0.0122838234762468,-0.0517241379310345));
#521=CARTESIAN_POINT('',(0.23469387755102,0.0144624638663735,-0.0495689655172414));
#522=CARTESIAN_POINT('',(0.23469387755102,0.0165483961547928,-0.0474137931034483));
#523=CARTESIAN_POINT('',(0.23469387755102,0.0185416203415046,-0.0452586206896552));
#524=CARTESIAN_POINT('',(0.23469387755102,0.0204421364265088,-0.0431034482758621));
#525=CARTESIAN_POINT('',(0.23469387755102,0.0222499444098055,-0.040948275862069));
#526=CARTESIAN_POINT('',(0.23469387755102,0.0239650442913946,-0.0387931034482759));
#527=CARTESIAN_POINT('',(0.23469387755102,0.0255874360712763,-0.0366379310344828));
#528=CARTESIAN_POINT('',(0.23469387755102,0.0271171197494504,-0.0344827586206897));
#529=CARTESIAN_POINT('',(0.23469387755102,0.028554095325917,-0.0323275862068965));
#530=CARTESIAN_POINT('',(0.23469387755102,0.0298983628006761,-0.0301724137931034));
#531=CARTESIAN_POINT('',(0.23469387755102,0.0311499221737277,-0.0280172413793103));
#532=CARTESIAN_POINT('',(0.23469387755102,0.0323087734450717,-0.0258620689655172));
#533=CARTESIAN_POINT('',(0.23469387755102,0.0333749166147082,-0.0237068965517241));
#534=CARTESIAN_POINT('',(0.23469387755102,0.0343483516826372,-0.021551724137931));
#535=CARTESIAN_POINT('',(0.23469387755102,0.0352290786488587,-0.0193965517241379));
#536=CARTESIAN_POINT('',(0.23469387755102,0.0360170975133726,-0.0172413793103448));
#537=CARTESIAN_POINT('',(0.23469387755102,0.036712408276179,-0.0150862068965517));
#538=CARTESIAN_POINT('',(0.23469387755102,0.0373150109372779,-0.0129310344827586));
#539=CARTESIAN_POINT('',(0.23469387755102,0.0378249054966693,-0.0107758620689655));
#540=CARTESIAN_POINT('',(0.23469387755102,0.0382420919543531,-0.00862068965517242));
#541=CARTESIAN_POINT('',(0.23469387755102,0.0385665703103295,-0.00646551724137931));
#542=CARTESIAN_POINT('',(0.23469387755102,0.0387983405645983,-0.00431034482758621));
#543=CARTESIAN_POINT('',(0.23469387755102,0.0389374027171596,-0.0021551724137931));
#544=CARTESIAN_POINT('',(0.23469387755102,0.0389837567680133,0.));
#545=CARTESIAN_POINT('',(0.23469387755102,0.0389837567680133,0.00666666666666667));
#546=CARTESIAN_POINT('',(0.23469387755102,0.0389837567680133,0.0133333333333333));
#547=CARTESIAN_POINT('',(0.23469387755102,0.0389837567680133,0.02));
#548=CARTESIAN_POINT('',(0.214285714285714,0.,-0.0625));
#549=CARTESIAN_POINT('',(0.214285714285714,0.00276638598364434,-0.0603448275862069));
#550=CARTESIAN_POINT('',(0.214285714285714,0.00543570579242399,-0.0581896551724138));
#551=CARTESIAN_POINT('',(0.214285714285714,0.00800795942633891,-0.0560344827586207));
#552=CARTESIAN_POINT('',(0.214285714285714,0.0104831468853891,-0.0538793103448276));
#553=CARTESIAN_POINT('',(0.214285714285714,0.0128612681695746,-0.0517241379310345));
#554=CARTESIAN_POINT('',(0.214285714285714,0.0151423232788954,-0.0495689655172414));
#555=CARTESIAN_POINT('',(0.214285714285714,0.0173263122133515,-0.0474137931034483));
#556=CARTESIAN_POINT('',(0.214285714285714,0.0194132349729428,-0.0452586206896552));
#557=CARTESIAN_POINT('',(0.214285714285714,0.0214030915576694,-0.0431034482758621));
#558=CARTESIAN_POINT('',(0.214285714285714,0.0232958819675314,-0.040948275862069));
#559=CARTESIAN_POINT('',(0.214285714285714,0.0250916062025286,-0.0387931034482759));
#560=CARTESIAN_POINT('',(0.214285714285714,0.0267902642626611,-0.0366379310344828));
#561=CARTESIAN_POINT('',(0.214285714285714,0.0283918561479289,-0.0344827586206897));
#562=CARTESIAN_POINT('',(0.214285714285714,0.0298963818583319,-0.0323275862068965));
#563=CARTESIAN_POINT('',(0.214285714285714,0.0313038413938703,-0.0301724137931034));
#564=CARTESIAN_POINT('',(0.214285714285714,0.0326142347545439,-0.0280172413793103));
#565=CARTESIAN_POINT('',(0.214285714285714,0.0338275619403528,-0.0258620689655172));
#566=CARTESIAN_POINT('',(0.214285714285714,0.034943822951297,-0.0237068965517241));
#567=CARTESIAN_POINT('',(0.214285714285714,0.0359630177873765,-0.021551724137931));
#568=CARTESIAN_POINT('',(0.214285714285714,0.0368851464485913,-0.0193965517241379));
#569=CARTESIAN_POINT('',(0.214285714285714,0.0377102089349414,-0.0172413793103448));
#570=CARTESIAN_POINT('',(0.214285714285714,0.0384382052464268,-0.0150862068965517));
#571=CARTESIAN_POINT('',(0.214285714285714,0.0390691353830474,-0.0129310344827586));
#572=CARTESIAN_POINT('',(0.214285714285714,0.0396029993448033,-0.0107758620689655));
#573=CARTESIAN_POINT('',(0.214285714285714,0.0400397971316945,-0.00862068965517242));
#574=CARTESIAN_POINT('',(0.214285714285714,0.040379528743721,-0.00646551724137931));
#575=CARTESIAN_POINT('',(0.214285714285714,0.0406221941808828,-0.00431034482758621));
#576=CARTESIAN_POINT('',(0.214285714285714,0.0407677934431799,-0.0021551724137931));
#577=CARTESIAN_POINT('',(0.214285714285714,0.0408163265306122,0.));
#578=CARTESIAN_POINT('',(0.214285714285714,0.0408163265306123,0.00666666666666667));
#579=CARTESIAN_POINT('',(0.214285714285714,0.0408163265306122,0.0133333333333333));
#580=CARTESIAN_POINT('',(0.214285714285714,0.0408163265306122,0.02));
#581=CARTESIAN_POINT('',(0.193877551020408,0.,-0.0625));
#582=CARTESIAN_POINT('',(0.193877551020408,0.00287929969726248,-0.0603448275862069));
#583=CARTESIAN_POINT('',(0.193877551020408,0.0056575713349719,-0.0581896551724138));
#584=CARTESIAN_POINT('',(0.193877551020408,0.00833481491312825,-0.0560344827586207));
#585=CARTESIAN_POINT('',(0.193877551020408,0.0109110304317315,-0.0538793103448276));
#586=CARTESIAN_POINT('',(0.193877551020408,0.0133862178907817,-0.0517241379310345));
#587=CARTESIAN_POINT('',(0.193877551020408,0.0157603772902789,-0.0495689655172414));
#588=CARTESIAN_POINT('',(0.193877551020408,0.0180335086302229,-0.0474137931034483));
#589=CARTESIAN_POINT('',(0.193877551020408,0.0202056119106139,-0.0452586206896552));
#590=CARTESIAN_POINT('',(0.193877551020408,0.0222766871314519,-0.0431034482758621));
#591=CARTESIAN_POINT('',(0.193877551020408,0.0242467342927367,-0.040948275862069));
#592=CARTESIAN_POINT('',(0.193877551020408,0.0261157533944685,-0.0387931034482759));
#593=CARTESIAN_POINT('',(0.193877551020408,0.0278837444366472,-0.0366379310344828));
#594=CARTESIAN_POINT('',(0.193877551020408,0.0295507074192729,-0.0344827586206897));
#595=CARTESIAN_POINT('',(0.193877551020408,0.0311166423423455,-0.0323275862068965));
#596=CARTESIAN_POINT('',(0.193877551020408,0.032581549205865,-0.0301724137931034));
#597=CARTESIAN_POINT('',(0.193877551020408,0.0339454280098314,-0.0280172413793103));
#598=CARTESIAN_POINT('',(0.193877551020408,0.0352082787542448,-0.0258620689655172));
#599=CARTESIAN_POINT('',(0.193877551020408,0.0363701014391051,-0.0237068965517241));
#600=CARTESIAN_POINT('',(0.193877551020408,0.0374308960644123,-0.021551724137931));
#601=CARTESIAN_POINT('',(0.193877551020408,0.0383906626301665,-0.0193965517241379));
#602=CARTESIAN_POINT('',(0.193877551020408,0.0392494011363676,-0.0172413793103448));
#603=CARTESIAN_POINT('',(0.193877551020408,0.0400071115830156,-0.0150862068965517));
#604=CARTESIAN_POINT('',(0.193877551020408,0.0406637939701106,-0.0129310344827586));
#605=CARTESIAN_POINT('',(0.193877551020408,0.0412194482976524,-0.0107758620689655));
#606=CARTESIAN_POINT('',(0.193877551020408,0.0416740745656413,-0.00862068965517242));
#607=CARTESIAN_POINT('',(0.193877551020408,0.042027672774077,-0.00646551724137931));
#608=CARTESIAN_POINT('',(0.193877551020408,0.0422802429229597,-0.00431034482758621));
#609=CARTESIAN_POINT('',(0.193877551020408,0.0424317850122893,-0.0021551724137931));
#610=CARTESIAN_POINT('',(0.193877551020408,0.0424822990420658,0.));
#611=CARTESIAN_POINT('',(0.193877551020408,0.0424822990420658,0.00666666666666667));
#612=CARTESIAN_POINT('',(0.193877551020408,0.0424822990420658,0.0133333333333333));
#613=CARTESIAN_POINT('',(0.193877551020408,0.0424822990420658,0.02));
#614=CARTESIAN_POINT('',(0.173469387755102,0.,-0.0625));
#615=CARTESIAN_POINT('',(0.173469387755102,0.0029809220395188,-0.0603448275862069));
#616=CARTESIAN_POINT('',(0.173469387755102,0.00585725032326503,-0.0581896551724138));
#617=CARTESIAN_POINT('',(0.173469387755102,0.00862898485123866,-0.0560344827586207));
#618=CARTESIAN_POINT('',(0.173469387755102,0.0112961256234397,-0.0538793103448276));
#619=CARTESIAN_POINT('',(0.173469387755102,0.0138586726398681,-0.0517241379310345));
#620=CARTESIAN_POINT('',(0.173469387755102,0.016316625900524,-0.0495689655172414));
#621=CARTESIAN_POINT('',(0.173469387755102,0.0186699854054073,-0.0474137931034483));
#622=CARTESIAN_POINT('',(0.173469387755102,0.020918751154518,-0.0452586206896552));
#623=CARTESIAN_POINT('',(0.173469387755102,0.023062923147856,-0.0431034482758621));
#624=CARTESIAN_POINT('',(0.173469387755102,0.0251025013854216,-0.040948275862069));
#625=CARTESIAN_POINT('',(0.173469387755102,0.0270374858672145,-0.0387931034482759));
#626=CARTESIAN_POINT('',(0.173469387755102,0.0288678765932348,-0.0366379310344828));
#627=CARTESIAN_POINT('',(0.173469387755102,0.0305936735634825,-0.0344827586206897));
#628=CARTESIAN_POINT('',(0.173469387755102,0.0322148767779577,-0.0323275862068965));
#629=CARTESIAN_POINT('',(0.173469387755102,0.0337314862366602,-0.0301724137931034));
#630=CARTESIAN_POINT('',(0.173469387755102,0.0351435019395902,-0.0280172413793103));
#631=CARTESIAN_POINT('',(0.173469387755102,0.0364509238867475,-0.0258620689655172));
#632=CARTESIAN_POINT('',(0.173469387755102,0.0376537520781323,-0.0237068965517241));
#633=CARTESIAN_POINT('',(0.173469387755102,0.0387519865137445,-0.021551724137931));
#634=CARTESIAN_POINT('',(0.173469387755102,0.0397456271935841,-0.0193965517241379));
#635=CARTESIAN_POINT('',(0.173469387755102,0.0406346741176511,-0.0172413793103448));
#636=CARTESIAN_POINT('',(0.173469387755102,0.0414191272859456,-0.0150862068965517));
#637=CARTESIAN_POINT('',(0.173469387755102,0.0420989866984674,-0.0129310344827586));
#638=CARTESIAN_POINT('',(0.173469387755102,0.0426742523552166,-0.0107758620689655));
#639=CARTESIAN_POINT('',(0.173469387755102,0.0431449242561933,-0.00862068965517242));
#640=CARTESIAN_POINT('',(0.173469387755102,0.0435110024013974,-0.00646551724137931));
#641=CARTESIAN_POINT('',(0.173469387755102,0.0437724867908288,-0.00431034482758621));
#642=CARTESIAN_POINT('',(0.173469387755102,0.0439293774244877,-0.0021551724137931));
#643=CARTESIAN_POINT('',(0.173469387755102,0.043981674302374,0.));
#644=CARTESIAN_POINT('',(0.173469387755102,0.043981674302374,0.00666666666666667));
#645=CARTESIAN_POINT('',(0.173469387755102,0.043981674302374,0.0133333333333333));
#646=CARTESIAN_POINT('',(0.173469387755102,0.043981674302374,0.02));
#647=CARTESIAN_POINT('',(0.153061224489796,0.,-0.0625));
#648=CARTESIAN_POINT('',(0.153061224489796,0.00307125301041331,-0.0603448275862069));
#649=CARTESIAN_POINT('',(0.153061224489796,0.00603474275730336,-0.0581896551724138));
#650=CARTESIAN_POINT('',(0.153061224489796,0.00889046924067013,-0.0560344827586207));
#651=CARTESIAN_POINT('',(0.153061224489796,0.0116384324605136,-0.0538793103448276));
#652=CARTESIAN_POINT('',(0.153061224489796,0.0142786324168339,-0.0517241379310345));
#653=CARTESIAN_POINT('',(0.153061224489796,0.0168110691096308,-0.0495689655172414));
#654=CARTESIAN_POINT('',(0.153061224489796,0.0192357425389045,-0.0474137931034483));
#655=CARTESIAN_POINT('',(0.153061224489796,0.0215526527046549,-0.0452586206896552));
#656=CARTESIAN_POINT('',(0.153061224489796,0.023761799606882,-0.0431034482758621));
#657=CARTESIAN_POINT('',(0.153061224489796,0.0258631832455858,-0.040948275862069));
#658=CARTESIAN_POINT('',(0.153061224489796,0.0278568036207664,-0.0387931034482759));
#659=CARTESIAN_POINT('',(0.153061224489796,0.0297426607324237,-0.0366379310344828));
#660=CARTESIAN_POINT('',(0.153061224489796,0.0315207545805577,-0.0344827586206897));
#661=CARTESIAN_POINT('',(0.153061224489796,0.0331910851651685,-0.0323275862068965));
#662=CARTESIAN_POINT('',(0.153061224489796,0.034753652486256,-0.0301724137931034));
#663=CARTESIAN_POINT('',(0.153061224489796,0.0362084565438202,-0.0280172413793103));
#664=CARTESIAN_POINT('',(0.153061224489796,0.0375554973378611,-0.0258620689655172));
#665=CARTESIAN_POINT('',(0.153061224489796,0.0387947748683788,-0.0237068965517241));
#666=CARTESIAN_POINT('',(0.153061224489796,0.0399262891353731,-0.021551724137931));
#667=CARTESIAN_POINT('',(0.153061224489796,0.0409500401388443,-0.0193965517241379));
#668=CARTESIAN_POINT('',(0.153061224489796,0.0418660278787921,-0.0172413793103448));
#669=CARTESIAN_POINT('',(0.153061224489796,0.0426742523552166,-0.0150862068965517));
#670=CARTESIAN_POINT('',(0.153061224489796,0.0433747135681179,-0.0129310344827586));
#671=CARTESIAN_POINT('',(0.153061224489796,0.0439674115174959,-0.0107758620689655));
#672=CARTESIAN_POINT('',(0.153061224489796,0.0444523462033507,-0.00862068965517242));
#673=CARTESIAN_POINT('',(0.153061224489796,0.0448295176256821,-0.00646551724137931));
#674=CARTESIAN_POINT('',(0.153061224489796,0.0450989257844903,-0.00431034482758621));
#675=CARTESIAN_POINT('',(0.153061224489796,0.0452605706797752,-0.0021551724137931));
#676=CARTESIAN_POINT('',(0.153061224489796,0.0453144523115369,0.));
#677=CARTESIAN_POINT('',(0.153061224489796,0.0453144523115369,0.00666666666666667));
#678=CARTESIAN_POINT('',(0.153061224489796,0.0453144523115369,0.0133333333333333));
#679=CARTESIAN_POINT('',(0.153061224489796,0.0453144523115369,0.02));
#680=CARTESIAN_POINT('',(0.13265306122449,0.,-0.0625));
#681=CARTESIAN_POINT('',(0.13265306122449,0.00315029260994601,-0.0603448275862069));
#682=CARTESIAN_POINT('',(0.13265306122449,0.00619004863708691,-0.0581896551724138));
#683=CARTESIAN_POINT('',(0.13265306122449,0.00911926808142267,-0.0560344827586207));
#684=CARTESIAN_POINT('',(0.13265306122449,0.0119379509429533,-0.0538793103448276));
#685=CARTESIAN_POINT('',(0.13265306122449,0.0146460972216788,-0.0517241379310345));
#686=CARTESIAN_POINT('',(0.13265306122449,0.0172437069175992,-0.0495689655172414));
#687=CARTESIAN_POINT('',(0.13265306122449,0.0197307800307145,-0.0474137931034483));
#688=CARTESIAN_POINT('',(0.13265306122449,0.0221073165610247,-0.0452586206896552));
#689=CARTESIAN_POINT('',(0.13265306122449,0.0243733165085297,-0.0431034482758621));
#690=CARTESIAN_POINT('',(0.13265306122449,0.0265287798732296,-0.040948275862069));
#691=CARTESIAN_POINT('',(0.13265306122449,0.0285737066551244,-0.0387931034482759));
#692=CARTESIAN_POINT('',(0.13265306122449,0.030508096854214,-0.0366379310344828));
#693=CARTESIAN_POINT('',(0.13265306122449,0.0323319504704986,-0.0344827586206897));
#694=CARTESIAN_POINT('',(0.13265306122449,0.034045267503978,-0.0323275862068965));
#695=CARTESIAN_POINT('',(0.13265306122449,0.0356480479546523,-0.0301724137931034));
#696=CARTESIAN_POINT('',(0.13265306122449,0.0371402918225214,-0.0280172413793103));
#697=CARTESIAN_POINT('',(0.13265306122449,0.0385219991075855,-0.0258620689655172));
#698=CARTESIAN_POINT('',(0.13265306122449,0.0397931698098444,-0.0237068965517241));
#699=CARTESIAN_POINT('',(0.13265306122449,0.0409538039292982,-0.021551724137931));
#700=CARTESIAN_POINT('',(0.13265306122449,0.0420039014659469,-0.0193965517241379));
#701=CARTESIAN_POINT('',(0.13265306122449,0.0429434624197904,-0.0172413793103448));
#702=CARTESIAN_POINT('',(0.13265306122449,0.0437724867908288,-0.0150862068965517));
#703=CARTESIAN_POINT('',(0.13265306122449,0.0444909745790621,-0.0129310344827586));
#704=CARTESIAN_POINT('',(0.13265306122449,0.0450989257844903,-0.0107758620689655));
#705=CARTESIAN_POINT('',(0.13265306122449,0.0455963404071134,-0.00862068965517242));
#706=CARTESIAN_POINT('',(0.13265306122449,0.0459832184469313,-0.00646551724137931));
#707=CARTESIAN_POINT('',(0.13265306122449,0.0462595599039441,-0.00431034482758621));
#708=CARTESIAN_POINT('',(0.13265306122449,0.0464253647781518,-0.0021551724137931));
#709=CARTESIAN_POINT('',(0.13265306122449,0.0464806330695544,0.));
#710=CARTESIAN_POINT('',(0.13265306122449,0.0464806330695544,0.00666666666666667));
#711=CARTESIAN_POINT('',(0.13265306122449,0.0464806330695543,0.0133333333333333));
#712=CARTESIAN_POINT('',(0.13265306122449,0.0464806330695544,0.02));
#713=CARTESIAN_POINT('',(0.112244897959184,0.,-0.0625));
#714=CARTESIAN_POINT('',(0.112244897959184,0.00321804083811689,-0.0603448275862069));
#715=CARTESIAN_POINT('',(0.112244897959184,0.00632316796261566,-0.0581896551724138));
#716=CARTESIAN_POINT('',(0.112244897959184,0.00931538137349628,-0.0560344827586207));
#717=CARTESIAN_POINT('',(0.112244897959184,0.0121946810707588,-0.0538793103448276));
#718=CARTESIAN_POINT('',(0.112244897959184,0.0149610670544031,-0.0517241379310345));
#719=CARTESIAN_POINT('',(0.112244897959184,0.0176145393244293,-0.0495689655172414));
#720=CARTESIAN_POINT('',(0.112244897959184,0.0201550978808374,-0.0474137931034483));
#721=CARTESIAN_POINT('',(0.112244897959184,0.0225827427236273,-0.0452586206896552));
#722=CARTESIAN_POINT('',(0.112244897959184,0.0248974738527991,-0.0431034482758621));
#723=CARTESIAN_POINT('',(0.112244897959184,0.0270992912683528,-0.040948275862069));
#724=CARTESIAN_POINT('',(0.112244897959184,0.0291881949702883,-0.0387931034482759));
#725=CARTESIAN_POINT('',(0.112244897959184,0.0311641849586057,-0.0366379310344828));
#726=CARTESIAN_POINT('',(0.112244897959184,0.033027261233305,-0.0344827586206897));
#727=CARTESIAN_POINT('',(0.112244897959184,0.0347774237943861,-0.0323275862068965));
#728=CARTESIAN_POINT('',(0.112244897959184,0.0364146726418491,-0.0301724137931034));
#729=CARTESIAN_POINT('',(0.112244897959184,0.0379390077756939,-0.0280172413793103));
#730=CARTESIAN_POINT('',(0.112244897959184,0.0393504291959206,-0.0258620689655172));
#731=CARTESIAN_POINT('',(0.112244897959184,0.0406489369025292,-0.0237068965517241));
#732=CARTESIAN_POINT('',(0.112244897959184,0.0418345308955196,-0.021551724137931));
#733=CARTESIAN_POINT('',(0.112244897959184,0.042907211174892,-0.0193965517241379));
#734=CARTESIAN_POINT('',(0.112244897959184,0.0438669777406461,-0.0172413793103448));
#735=CARTESIAN_POINT('',(0.112244897959184,0.0447138305927821,-0.0150862068965517));
#736=CARTESIAN_POINT('',(0.112244897959184,0.0454477697313,-0.0129310344827586));
#737=CARTESIAN_POINT('',(0.112244897959184,0.0460687951561998,-0.0107758620689655));
#738=CARTESIAN_POINT('',(0.112244897959184,0.0465769068674814,-0.00862068965517242));
#739=CARTESIAN_POINT('',(0.112244897959184,0.0469721048651449,-0.00646551724137931));
#740=CARTESIAN_POINT('',(0.112244897959184,0.0472543891491902,-0.00431034482758621));
#741=CARTESIAN_POINT('',(0.112244897959184,0.0474237597196174,-0.0021551724137931));
#742=CARTESIAN_POINT('',(0.112244897959184,0.0474802165764265,0.));
#743=CARTESIAN_POINT('',(0.112244897959184,0.0474802165764265,0.00666666666666667));
#744=CARTESIAN_POINT('',(0.112244897959184,0.0474802165764265,0.0133333333333333));
#745=CARTESIAN_POINT('',(0.112244897959184,0.0474802165764265,0.02));
#746=CARTESIAN_POINT('',(0.0918367346938775,0.,-0.0625));
#747=CARTESIAN_POINT('',(0.0918367346938775,0.00327449769492596,-0.0603448275862069));
#748=CARTESIAN_POINT('',(0.0918367346938775,0.00643410073388961,-0.0581896551724138));
#749=CARTESIAN_POINT('',(0.0918367346938775,0.00947880911689095,-0.0560344827586207));
#750=CARTESIAN_POINT('',(0.0918367346938775,0.01240862284393,-0.0538793103448276));
#751=CARTESIAN_POINT('',(0.0918367346938775,0.0152235419150067,-0.0517241379310345));
#752=CARTESIAN_POINT('',(0.0918367346938775,0.0179235663301211,-0.0495689655172414));
#753=CARTESIAN_POINT('',(0.0918367346938775,0.0205086960892732,-0.0474137931034483));
#754=CARTESIAN_POINT('',(0.0918367346938775,0.0229789311924629,-0.0452586206896552));
#755=CARTESIAN_POINT('',(0.0918367346938775,0.0253342716396904,-0.0431034482758621));
#756=CARTESIAN_POINT('',(0.0918367346938775,0.0275747174309555,-0.040948275862069));
#757=CARTESIAN_POINT('',(0.0918367346938775,0.0297002685662583,-0.0387931034482759));
#758=CARTESIAN_POINT('',(0.0918367346938775,0.0317109250455988,-0.0366379310344828));
#759=CARTESIAN_POINT('',(0.0918367346938775,0.033606686868977,-0.0344827586206897));
#760=CARTESIAN_POINT('',(0.0918367346938775,0.0353875540363929,-0.0323275862068965));
#761=CARTESIAN_POINT('',(0.0918367346938775,0.0370535265478464,-0.0301724137931034));
#762=CARTESIAN_POINT('',(0.0918367346938775,0.0386046044033377,-0.0280172413793103));
#763=CARTESIAN_POINT('',(0.0918367346938775,0.0400407876028666,-0.0258620689655172));
#764=CARTESIAN_POINT('',(0.0918367346938775,0.0413620761464332,-0.0237068965517241));
#765=CARTESIAN_POINT('',(0.0918367346938775,0.0425684700340375,-0.021551724137931));
#766=CARTESIAN_POINT('',(0.0918367346938775,0.0436599692656795,-0.0193965517241379));
#767=CARTESIAN_POINT('',(0.0918367346938775,0.0446365738413592,-0.0172413793103448));
#768=CARTESIAN_POINT('',(0.0918367346938775,0.0454982837610766,-0.0150862068965517));
#769=CARTESIAN_POINT('',(0.0918367346938775,0.0462450990248316,-0.0129310344827586));
#770=CARTESIAN_POINT('',(0.0918367346938775,0.0468770196326243,-0.0107758620689655));
#771=CARTESIAN_POINT('',(0.0918367346938775,0.0473940455844548,-0.00862068965517242));
#772=CARTESIAN_POINT('',(0.0918367346938775,0.0477961768803229,-0.00646551724137931));
#773=CARTESIAN_POINT('',(0.0918367346938775,0.0480834135202286,-0.00431034482758621));
#774=CARTESIAN_POINT('',(0.0918367346938775,0.0482557555041721,-0.0021551724137931));
#775=CARTESIAN_POINT('',(0.0918367346938775,0.0483132028321533,0.));
#776=CARTESIAN_POINT('',(0.0918367346938775,0.0483132028321532,0.00666666666666667));
#777=CARTESIAN_POINT('',(0.0918367346938775,0.0483132028321533,0.0133333333333333));
#778=CARTESIAN_POINT('',(0.0918367346938775,0.0483132028321533,0.02));
#779=CARTESIAN_POINT('',(0.0714285714285714,0.,-0.0625));
#780=CARTESIAN_POINT('',(0.0714285714285714,0.00331966318037321,-0.0603448275862069));
#781=CARTESIAN_POINT('',(0.0714285714285714,0.00652284695090878,-0.0581896551724138));
#782=CARTESIAN_POINT('',(0.0714285714285714,0.00960955131160669,-0.0560344827586207));
#783=CARTESIAN_POINT('',(0.0714285714285714,0.0125797762624669,-0.0538793103448276));
#784=CARTESIAN_POINT('',(0.0714285714285714,0.0154335218034895,-0.0517241379310345));
#785=CARTESIAN_POINT('',(0.0714285714285714,0.0181707879346745,-0.0495689655172414));
#786=CARTESIAN_POINT('',(0.0714285714285714,0.0207915746560217,-0.0474137931034483));
#787=CARTESIAN_POINT('',(0.0714285714285714,0.0232958819675314,-0.0452586206896552));
#788=CARTESIAN_POINT('',(0.0714285714285714,0.0256837098692033,-0.0431034482758621));
#789=CARTESIAN_POINT('',(0.0714285714285714,0.0279550583610376,-0.040948275862069));
#790=CARTESIAN_POINT('',(0.0714285714285714,0.0301099274430343,-0.0387931034482759));
#791=CARTESIAN_POINT('',(0.0714285714285714,0.0321483171151933,-0.0366379310344828));
#792=CARTESIAN_POINT('',(0.0714285714285714,0.0340702273775146,-0.0344827586206897));
#793=CARTESIAN_POINT('',(0.0714285714285714,0.0358756582299983,-0.0323275862068965));
#794=CARTESIAN_POINT('',(0.0714285714285714,0.0375646096726443,-0.0301724137931034));
#795=CARTESIAN_POINT('',(0.0714285714285714,0.0391370817054527,-0.0280172413793103));
#796=CARTESIAN_POINT('',(0.0714285714285714,0.0405930743284234,-0.0258620689655172));
#797=CARTESIAN_POINT('',(0.0714285714285714,0.0419325875415565,-0.0237068965517241));
#798=CARTESIAN_POINT('',(0.0714285714285714,0.0431556213448519,-0.021551724137931));
#799=CARTESIAN_POINT('',(0.0714285714285714,0.0442621757383096,-0.0193965517241379));
#800=CARTESIAN_POINT('',(0.0714285714285714,0.0452522507219297,-0.0172413793103448));
#801=CARTESIAN_POINT('',(0.0714285714285714,0.0461258462957121,-0.0150862068965517));
#802=CARTESIAN_POINT('',(0.0714285714285714,0.0468829624596569,-0.0129310344827586));
#803=CARTESIAN_POINT('',(0.0714285714285714,0.047523599213764,-0.0107758620689655));
#804=CARTESIAN_POINT('',(0.0714285714285714,0.0480477565580334,-0.00862068965517242));
#805=CARTESIAN_POINT('',(0.0714285714285714,0.0484554344924652,-0.00646551724137931));
#806=CARTESIAN_POINT('',(0.0714285714285714,0.0487466330170594,-0.00431034482758621));
#807=CARTESIAN_POINT('',(0.0714285714285714,0.0489213521318159,-0.0021551724137931));
#808=CARTESIAN_POINT('',(0.0714285714285714,0.0489795918367347,0.));
#809=CARTESIAN_POINT('',(0.0714285714285714,0.0489795918367347,0.00666666666666667));
#810=CARTESIAN_POINT('',(0.0714285714285714,0.0489795918367347,0.0133333333333333));
#811=CARTESIAN_POINT('',(0.0714285714285714,0.0489795918367347,0.02));
#812=CARTESIAN_POINT('',(0.0510204081632653,0.,-0.0625));
#813=CARTESIAN_POINT('',(0.0510204081632653,0.00335353729445865,-0.0603448275862069));
#814=CARTESIAN_POINT('',(0.0510204081632653,0.00658940661367316,-0.0581896551724138));
#815=CARTESIAN_POINT('',(0.0510204081632653,0.00970760795764349,-0.0560344827586207));
#816=CARTESIAN_POINT('',(0.0510204081632653,0.0127081413263697,-0.0538793103448276));
#817=CARTESIAN_POINT('',(0.0510204081632653,0.0155910067198517,-0.0517241379310345));
#818=CARTESIAN_POINT('',(0.0510204081632653,0.0183562041380895,-0.0495689655172414));
#819=CARTESIAN_POINT('',(0.0510204081632653,0.0210037335810832,-0.0474137931034483));
#820=CARTESIAN_POINT('',(0.0510204081632653,0.0235335950488327,-0.0452586206896552));
#821=CARTESIAN_POINT('',(0.0510204081632653,0.0259457885413381,-0.0431034482758621));
#822=CARTESIAN_POINT('',(0.0510204081632653,0.0282403140585992,-0.040948275862069));
#823=CARTESIAN_POINT('',(0.0510204081632653,0.0304171716006163,-0.0387931034482759));
#824=CARTESIAN_POINT('',(0.0510204081632653,0.0324763611673891,-0.0366379310344828));
#825=CARTESIAN_POINT('',(0.0510204081632653,0.0344178827589178,-0.0344827586206897));
#826=CARTESIAN_POINT('',(0.0510204081632653,0.0362417363752024,-0.0323275862068965));
#827=CARTESIAN_POINT('',(0.0510204081632653,0.0379479220162427,-0.0301724137931034));
#828=CARTESIAN_POINT('',(0.0510204081632653,0.0395364396820389,-0.0280172413793103));
#829=CARTESIAN_POINT('',(0.0510204081632653,0.041007289372591,-0.0258620689655172));
#830=CARTESIAN_POINT('',(0.0510204081632653,0.0423604710878989,-0.0237068965517241));
#831=CARTESIAN_POINT('',(0.0510204081632653,0.0435959848279626,-0.021551724137931));
#832=CARTESIAN_POINT('',(0.0510204081632653,0.0447138305927821,-0.0193965517241379));
#833=CARTESIAN_POINT('',(0.0510204081632653,0.0457140083823575,-0.0172413793103448));
#834=CARTESIAN_POINT('',(0.0510204081632653,0.0465965181966888,-0.0150862068965517));
#835=CARTESIAN_POINT('',(0.0510204081632653,0.0473613600357758,-0.0129310344827586));
#836=CARTESIAN_POINT('',(0.0510204081632653,0.0480085338996187,-0.0107758620689655));
#837=CARTESIAN_POINT('',(0.0510204081632653,0.0485380397882175,-0.00862068965517242));
#838=CARTESIAN_POINT('',(0.0510204081632653,0.048949877701572,-0.00646551724137931));
#839=CARTESIAN_POINT('',(0.0510204081632653,0.0492440476396824,-0.00431034482758621));
#840=CARTESIAN_POINT('',(0.0510204081632653,0.0494205496025487,-0.0021551724137931));
#841=CARTESIAN_POINT('',(0.0510204081632653,0.0494793835901708,0.));
#842=CARTESIAN_POINT('',(0.0510204081632653,0.0494793835901708,0.00666666666666667));
#843=CARTESIAN_POINT('',(0.0510204081632652,0.0494793835901708,0.0133333333333333));
#844=CARTESIAN_POINT('',(0.0510204081632653,0.0494793835901708,0.02));
#845=CARTESIAN_POINT('',(0.0306122448979592,0.,-0.0625));
#846=CARTESIAN_POINT('',(0.0306122448979592,0.00337612003718228,-0.0603448275862069));
#847=CARTESIAN_POINT('',(0.0306122448979592,0.00663377972218274,-0.0581896551724138));
#848=CARTESIAN_POINT('',(0.0306122448979592,0.00977297905500136,-0.0560344827586207));
#849=CARTESIAN_POINT('',(0.0306122448979592,0.0127937180356382,-0.0538793103448276));
#850=CARTESIAN_POINT('',(0.0306122448979592,0.0156959966640931,-0.0517241379310345));
#851=CARTESIAN_POINT('',(0.0306122448979592,0.0184798149403662,-0.0495689655172414));
#852=CARTESIAN_POINT('',(0.0306122448979592,0.0211451728644575,-0.0474137931034483));
#853=CARTESIAN_POINT('',(0.0306122448979592,0.0236920704363669,-0.0452586206896552));
#854=CARTESIAN_POINT('',(0.0306122448979592,0.0261205076560945,-0.0431034482758621));
#855=CARTESIAN_POINT('',(0.0306122448979592,0.0284304845236403,-0.040948275862069));
#856=CARTESIAN_POINT('',(0.0306122448979592,0.0306220010390043,-0.0387931034482759));
#857=CARTESIAN_POINT('',(0.0306122448979592,0.0326950572021864,-0.0366379310344828));
#858=CARTESIAN_POINT('',(0.0306122448979592,0.0346496530131866,-0.0344827586206897));
#859=CARTESIAN_POINT('',(0.0306122448979592,0.0364857884720051,-0.0323275862068965));
#860=CARTESIAN_POINT('',(0.0306122448979592,0.0382034635786417,-0.0301724137931034));
#861=CARTESIAN_POINT('',(0.0306122448979592,0.0398026783330964,-0.0280172413793103));
#862=CARTESIAN_POINT('',(0.0306122448979592,0.0412834327353694,-0.0258620689655172));
#863=CARTESIAN_POINT('',(0.0306122448979592,0.0426457267854605,-0.0237068965517241));
#864=CARTESIAN_POINT('',(0.0306122448979592,0.0438895604833697,-0.021551724137931));
#865=CARTESIAN_POINT('',(0.0306122448979592,0.0450149338290972,-0.0193965517241379));
#866=CARTESIAN_POINT('',(0.0306122448979592,0.0460218468226428,-0.0172413793103448));
#867=CARTESIAN_POINT('',(0.0306122448979592,0.0469102994640065,-0.0150862068965517));
#868=CARTESIAN_POINT('',(0.0306122448979592,0.0476802917531885,-0.0129310344827586));
#869=CARTESIAN_POINT('',(0.0306122448979592,0.0483318236901885,-0.0107758620689655));
#870=CARTESIAN_POINT('',(0.0306122448979592,0.0488648952750068,-0.00862068965517242));
#871=CARTESIAN_POINT('',(0.0306122448979592,0.0492795065076432,-0.00646551724137931));
#872=CARTESIAN_POINT('',(0.0306122448979592,0.0495756573880978,-0.00431034482758621));
#873=CARTESIAN_POINT('',(0.0306122448979592,0.0497533479163706,-0.0021551724137931));
#874=CARTESIAN_POINT('',(0.0306122448979592,0.0498125780924615,0.));
#875=CARTESIAN_POINT('',(0.0306122448979592,0.0498125780924615,0.00666666666666667));
#876=CARTESIAN_POINT('',(0.0306122448979592,0.0498125780924615,0.0133333333333333));
#877=CARTESIAN_POINT('',(0.0306122448979592,0.0498125780924615,0.02));
#878=CARTESIAN_POINT('',(0.0102040816326531,0.,-0.0625));
#879=CARTESIAN_POINT('',(0.0102040816326531,0.0033874114085441,-0.0603448275862069));
#880=CARTESIAN_POINT('',(0.0102040816326531,0.00665596627643753,-0.0581896551724138));
#881=CARTESIAN_POINT('',(0.0102040816326531,0.00980566460368029,-0.0560344827586207));
#882=CARTESIAN_POINT('',(0.0102040816326531,0.0128365063902724,-0.0538793103448276));
#883=CARTESIAN_POINT('',(0.0102040816326531,0.0157484916362138,-0.0517241379310345));
#884=CARTESIAN_POINT('',(0.0102040816326531,0.0185416203415046,-0.0495689655172414));
#885=CARTESIAN_POINT('',(0.0102040816326531,0.0212158925061446,-0.0474137931034483));
#886=CARTESIAN_POINT('',(0.0102040816326531,0.023771308130134,-0.0452586206896552));
#887=CARTESIAN_POINT('',(0.0102040816326531,0.0262078672134728,-0.0431034482758621));
#888=CARTESIAN_POINT('',(0.0102040816326531,0.0285255697561609,-0.040948275862069));
#889=CARTESIAN_POINT('',(0.0102040816326531,0.0307244157581983,-0.0387931034482759));
#890=CARTESIAN_POINT('',(0.0102040816326531,0.032804405219585,-0.0366379310344828));
#891=CARTESIAN_POINT('',(0.0102040816326531,0.034765538140321,-0.0344827586206897));
#892=CARTESIAN_POINT('',(0.0102040816326531,0.0366078145204064,-0.0323275862068965));
#893=CARTESIAN_POINT('',(0.0102040816326531,0.0383312343598411,-0.0301724137931034));
#894=CARTESIAN_POINT('',(0.0102040816326531,0.0399357976586252,-0.0280172413793103));
#895=CARTESIAN_POINT('',(0.0102040816326531,0.0414215044167586,-0.0258620689655172));
#896=CARTESIAN_POINT('',(0.0102040816326531,0.0427883546342413,-0.0237068965517241));
#897=CARTESIAN_POINT('',(0.0102040816326531,0.0440363483110733,-0.021551724137931));
#898=CARTESIAN_POINT('',(0.0102040816326531,0.0451654854472547,-0.0193965517241379));
#899=CARTESIAN_POINT('',(0.0102040816326531,0.0461757660427854,-0.0172413793103448));
#900=CARTESIAN_POINT('',(0.0102040816326531,0.0470671900976654,-0.0150862068965517));
#901=CARTESIAN_POINT('',(0.0102040816326531,0.0478397576118948,-0.0129310344827586));
#902=CARTESIAN_POINT('',(0.0102040816326531,0.0484934685854735,-0.0107758620689655));
#903=CARTESIAN_POINT('',(0.0102040816326531,0.0490283230184015,-0.00862068965517242));
#904=CARTESIAN_POINT('',(0.0102040816326531,0.0494443209106788,-0.00646551724137931));
#905=CARTESIAN_POINT('',(0.0102040816326531,0.0497414622623055,-0.00431034482758621));
#906=CARTESIAN_POINT('',(0.0102040816326531,0.0499197470732815,-0.0021551724137931));
#907=CARTESIAN_POINT('',(0.0102040816326531,0.0499791753436068,0.));
#908=CARTESIAN_POINT('',(0.0102040816326531,0.0499791753436069,0.00666666666666667));
#909=CARTESIAN_POINT('',(0.0102040816326531,0.0499791753436068,0.0133333333333333));
#910=CARTESIAN_POINT('',(0.0102040816326531,0.0499791753436068,0.02));
#911=CARTESIAN_POINT('',(-0.0102040816326531,0.,-0.0625));
#912=CARTESIAN_POINT('',(-0.0102040816326531,0.0033874114085441,-0.0603448275862069));
#913=CARTESIAN_POINT('',(-0.0102040816326531,0.00665596627643753,-0.0581896551724138));
#914=CARTESIAN_POINT('',(-0.0102040816326531,0.00980566460368029,-0.0560344827586207));
#915=CARTESIAN_POINT('',(-0.0102040816326531,0.0128365063902724,-0.0538793103448276));
#916=CARTESIAN_POINT('',(-0.0102040816326531,0.0157484916362138,-0.0517241379310345));
#917=CARTESIAN_POINT('',(-0.0102040816326531,0.0185416203415046,-0.0495689655172414));
#918=CARTESIAN_POINT('',(-0.0102040816326531,0.0212158925061446,-0.0474137931034483));
#919=CARTESIAN_POINT('',(-0.0102040816326531,0.023771308130134,-0.0452586206896552));
#920=CARTESIAN_POINT('',(-0.0102040816326531,0.0262078672134728,-0.0431034482758621));
#921=CARTESIAN_POINT('',(-0.0102040816326531,0.0285255697561609,-0.040948275862069));
#922=CARTESIAN_POINT('',(-0.0102040816326531,0.0307244157581983,-0.0387931034482759));
#923=CARTESIAN_POINT('',(-0.0102040816326531,0.032804405219585,-0.0366379310344828));
#924=CARTESIAN_POINT('',(-0.0102040816326531,0.034765538140321,-0.0344827586206897));
#925=CARTESIAN_POINT('',(-0.0102040816326531,0.0366078145204064,-0.0323275862068965));
#926=CARTESIAN_POINT('',(-0.0102040816326531,0.0383312343598411,-0.0301724137931034));
#927=CARTESIAN_POINT('',(-0.0102040816326531,0.0399357976586252,-0.0280172413793103));
#928=CARTESIAN_POINT('',(-0.0102040816326531,0.0414215044167586,-0.0258620689655172));
#929=CARTESIAN_POINT('',(-0.0102040816326531,0.0427883546342413,-0.0237068965517241));
#930=CARTESIAN_POINT('',(-0.0102040816326531,0.0440363483110733,-0.021551724137931));
#931=CARTESIAN_POINT('',(-0.0102040816326531,0.0451654854472547,-0.0193965517241379));
#932=CARTESIAN_POINT('',(-0.0102040816326531,0.0461757660427854,-0.0172413793103448));
#933=CARTESIAN_POINT('',(-0.0102040816326531,0.0470671900976654,-0.0150862068965517));
#934=CARTESIAN_POINT('',(-0.0102040816326531,0.0478397576118948,-0.0129310344827586));
#935=CARTESIAN_POINT('',(-0.0102040816326531,0.0484934685854735,-0.0107758620689655));
#936=CARTESIAN_POINT('',(-0.0102040816326531,0.0490283230184015,-0.00862068965517242));
#937=CARTESIAN_POINT('',(-0.0102040816326531,0.0494443209106788,-0.00646551724137931));
#938=CARTESIAN_POINT('',(-0.0102040816326531,0.0497414622623055,-0.00431034482758621));
#939=CARTESIAN_POINT('',(-0.0102040816326531,0.0499197470732815,-0.0021551724137931));
#940=CARTESIAN_POINT('',(-0.0102040816326531,0.0499791753436068,0.));
#941=CARTESIAN_POINT('',(-0.0102040816326531,0.0499791753436069,0.00666666666666667));
#942=CARTESIAN_POINT('',(-0.0102040816326531,0.0499791753436068,0.0133333333333333));
#943=CARTESIAN_POINT('',(-0.0102040816326531,0.0499791753436068,0.02));
#944=CARTESIAN_POINT('',(-0.0306122448979592,0.,-0.0625));
#945=CARTESIAN_POINT('',(-0.0306122448979592,0.00337612003718228,-0.0603448275862069));
#946=CARTESIAN_POINT('',(-0.0306122448979592,0.00663377972218274,-0.0581896551724138));
#947=CARTESIAN_POINT('',(-0.0306122448979592,0.00977297905500136,-0.0560344827586207));
#948=CARTESIAN_POINT('',(-0.0306122448979592,0.0127937180356382,-0.0538793103448276));
#949=CARTESIAN_POINT('',(-0.0306122448979592,0.0156959966640931,-0.0517241379310345));
#950=CARTESIAN_POINT('',(-0.0306122448979592,0.0184798149403662,-0.0495689655172414));
#951=CARTESIAN_POINT('',(-0.0306122448979592,0.0211451728644575,-0.0474137931034483));
#952=CARTESIAN_POINT('',(-0.0306122448979592,0.0236920704363669,-0.0452586206896552));
#953=CARTESIAN_POINT('',(-0.0306122448979592,0.0261205076560945,-0.0431034482758621));
#954=CARTESIAN_POINT('',(-0.0306122448979592,0.0284304845236403,-0.040948275862069));
#955=CARTESIAN_POINT('',(-0.0306122448979592,0.0306220010390043,-0.0387931034482759));
#956=CARTESIAN_POINT('',(-0.0306122448979592,0.0326950572021864,-0.0366379310344828));
#957=CARTESIAN_POINT('',(-0.0306122448979592,0.0346496530131866,-0.0344827586206897));
#958=CARTESIAN_POINT('',(-0.0306122448979592,0.0364857884720051,-0.0323275862068965));
#959=CARTESIAN_POINT('',(-0.0306122448979592,0.0382034635786417,-0.0301724137931034));
#960=CARTESIAN_POINT('',(-0.0306122448979592,0.0398026783330964,-0.0280172413793103));
#961=CARTESIAN_POINT('',(-0.0306122448979592,0.0412834327353694,-0.0258620689655172));
#962=CARTESIAN_POINT('',(-0.0306122448979592,0.0426457267854605,-0.0237068965517241));
#963=CARTESIAN_POINT('',(-0.0306122448979592,0.0438895604833697,-0.021551724137931));
#964=CARTESIAN_POINT('',(-0.0306122448979592,0.0450149338290972,-0.0193965517241379));
#965=CARTESIAN_POINT('',(-0.0306122448979592,0.0460218468226428,-0.0172413793103448));
#966=CARTESIAN_POINT('',(-0.0306122448979592,0.0469102994640065,-0.0150862068965517));
#967=CARTESIAN_POINT('',(-0.0306122448979592,0.0476802917531885,-0.0129310344827586));
#968=CARTESIAN_POINT('',(-0.0306122448979592,0.0483318236901885,-0.0107758620689655));
#969=CARTESIAN_POINT('',(-0.0306122448979592,0.0488648952750068,-0.00862068965517242));
#970=CARTESIAN_POINT('',(-0.0306122448979592,0.0492795065076432,-0.00646551724137931));
#971=CARTESIAN_POINT('',(-0.0306122448979592,0.0495756573880978,-0.00431034482758621));
#972=CARTESIAN_POINT('',(-0.0306122448979592,0.0497533479163706,-0.0021551724137931));
#973=CARTESIAN_POINT('',(-0.0306122448979591,0.0498125780924615,0.));
#974=CARTESIAN_POINT('',(-0.0306122448979591,0.0498125780924615,0.00666666666666667));
#975=CARTESIAN_POINT('',(-0.0306122448979591,0.0498125780924615,0.0133333333333333));
#976=CARTESIAN_POINT('',(-0.0306122448979591,0.0498125780924615,0.02));
#977=CARTESIAN_POINT('',(-0.0510204081632653,0.,-0.0625));
#978=CARTESIAN_POINT('',(-0.0510204081632653,0.00335353729445865,-0.0603448275862069));
#979=CARTESIAN_POINT('',(-0.0510204081632653,0.00658940661367316,-0.0581896551724138));
#980=CARTESIAN_POINT('',(-0.0510204081632653,0.00970760795764349,-0.0560344827586207));
#981=CARTESIAN_POINT('',(-0.0510204081632653,0.0127081413263697,-0.0538793103448276));
#982=CARTESIAN_POINT('',(-0.0510204081632653,0.0155910067198517,-0.0517241379310345));
#983=CARTESIAN_POINT('',(-0.0510204081632653,0.0183562041380895,-0.0495689655172414));
#984=CARTESIAN_POINT('',(-0.0510204081632653,0.0210037335810832,-0.0474137931034483));
#985=CARTESIAN_POINT('',(-0.0510204081632653,0.0235335950488327,-0.0452586206896552));
#986=CARTESIAN_POINT('',(-0.0510204081632653,0.0259457885413381,-0.0431034482758621));
#987=CARTESIAN_POINT('',(-0.0510204081632653,0.0282403140585992,-0.040948275862069));
#988=CARTESIAN_POINT('',(-0.0510204081632653,0.0304171716006163,-0.0387931034482759));
#989=CARTESIAN_POINT('',(-0.0510204081632653,0.0324763611673891,-0.0366379310344828));
#990=CARTESIAN_POINT('',(-0.0510204081632653,0.0344178827589178,-0.0344827586206897));
#991=CARTESIAN_POINT('',(-0.0510204081632653,0.0362417363752024,-0.0323275862068965));
#992=CARTESIAN_POINT('',(-0.0510204081632653,0.0379479220162427,-0.0301724137931034));
#993=CARTESIAN_POINT('',(-0.0510204081632653,0.0395364396820389,-0.0280172413793103));
#994=CARTESIAN_POINT('',(-0.0510204081632653,0.041007289372591,-0.0258620689655172));
#995=CARTESIAN_POINT('',(-0.0510204081632653,0.0423604710878989,-0.0237068965517241));
#996=CARTESIAN_POINT('',(-0.0510204081632653,0.0435959848279626,-0.021551724137931));
#997=CARTESIAN_POINT('',(-0.0510204081632653,0.0447138305927821,-0.0193965517241379));
#998=CARTESIAN_POINT('',(-0.0510204081632653,0.0457140083823575,-0.0172413793103448));
#999=CARTESIAN_POINT('',(-0.0510204081632653,0.0465965181966888,-0.0150862068965517));
#1000=CARTESIAN_POINT('',(-0.0510204081632653,0.0473613600357758,-0.0129310344827586));
#1001=CARTESIAN_POINT('',(-0.0510204081632653,0.0480085338996187,-0.0107758620689655));
#1002=CARTESIAN_POINT('',(-0.0510204081632653,0.0485380397882175,-0.00862068965517242));
#1003=CARTESIAN_POINT('',(-0.0510204081632653,0.048949877701572,-0.00646551724137931));
#1004=CARTESIAN_POINT('',(-0.0510204081632653,0.0492440476396824,-0.00431034482758621));
#1005=CARTESIAN_POINT('',(-0.0510204081632653,0.0494205496025487,-0.0021551724137931));
#1006=CARTESIAN_POINT('',(-0.0510204081632653,0.0494793835901708,0.));
#1007=CARTESIAN_POINT('',(-0.0510204081632653,0.0494793835901708,0.00666666666666667));
#1008=CARTESIAN_POINT('',(-0.0510204081632653,0.0494793835901708,0.0133333333333333));
#1009=CARTESIAN_POINT('',(-0.0510204081632653,0.0494793835901708,0.02));
#1010=CARTESIAN_POINT('',(-0.0714285714285715,0.,-0.0625));
#1011=CARTESIAN_POINT('',(-0.0714285714285715,0.00331966318037321,-0.0603448275862069));
#1012=CARTESIAN_POINT('',(-0.0714285714285715,0.00652284695090878,-0.0581896551724138));
#1013=CARTESIAN_POINT('',(-0.0714285714285715,0.00960955131160669,-0.0560344827586207));
#1014=CARTESIAN_POINT('',(-0.0714285714285715,0.0125797762624669,-0.0538793103448276));
#1015=CARTESIAN_POINT('',(-0.0714285714285715,0.0154335218034895,-0.0517241379310345));
#1016=CARTESIAN_POINT('',(-0.0714285714285715,0.0181707879346745,-0.0495689655172414));
#1017=CARTESIAN_POINT('',(-0.0714285714285715,0.0207915746560217,-0.0474137931034483));
#1018=CARTESIAN_POINT('',(-0.0714285714285715,0.0232958819675314,-0.0452586206896552));
#1019=CARTESIAN_POINT('',(-0.0714285714285715,0.0256837098692033,-0.0431034482758621));
#1020=CARTESIAN_POINT('',(-0.0714285714285715,0.0279550583610376,-0.040948275862069));
#1021=CARTESIAN_POINT('',(-0.0714285714285715,0.0301099274430343,-0.0387931034482759));
#1022=CARTESIAN_POINT('',(-0.0714285714285715,0.0321483171151933,-0.0366379310344828));
#1023=CARTESIAN_POINT('',(-0.0714285714285715,0.0340702273775146,-0.0344827586206897));
#1024=CARTESIAN_POINT('',(-0.0714285714285715,0.0358756582299983,-0.0323275862068965));
#1025=CARTESIAN_POINT('',(-0.0714285714285715,0.0375646096726443,-0.0301724137931034));
#1026=CARTESIAN_POINT('',(-0.0714285714285715,0.0391370817054527,-0.0280172413793103));
#1027=CARTESIAN_POINT('',(-0.0714285714285715,0.0405930743284234,-0.0258620689655172));
#1028=CARTESIAN_POINT('',(-0.0714285714285715,0.0419325875415565,-0.0237068965517241));
#1029=CARTESIAN_POINT('',(-0.0714285714285715,0.0431556213448519,-0.021551724137931));
#1030=CARTESIAN_POINT('',(-0.0714285714285715,0.0442621757383096,-0.0193965517241379));
#1031=CARTESIAN_POINT('',(-0.0714285714285715,0.0452522507219297,-0.0172413793103448));
#1032=CARTESIAN_POINT('',(-0.0714285714285715,0.0461258462957121,-0.0150862068965517));
#1033=CARTESIAN_POINT('',(-0.0714285714285715,0.0468829624596569,-0.0129310344827586));
#1034=CARTESIAN_POINT('',(-0.0714285714285715,0.047523599213764,-0.0107758620689655));
#1035=CARTESIAN_POINT('',(-0.0714285714285715,0.0480477565580334,-0.00862068965517242));
#1036=CARTESIAN_POINT('',(-0.0714285714285715,0.0484554344924652,-0.00646551724137931));
#1037=CARTESIAN_POINT('',(-0.0714285714285715,0.0487466330170594,-0.00431034482758621));
#1038=CARTESIAN_POINT('',(-0.0714285714285715,0.0489213521318159,-0.0021551724137931));
#1039=CARTESIAN_POINT('',(-0.0714285714285714,0.0489795918367347,0.));
#1040=CARTESIAN_POINT('',(-0.0714285714285715,0.0489795918367347,0.00666666666666667));
#1041=CARTESIAN_POINT('',(-0.0714285714285714,0.0489795918367347,0.0133333333333333));
#1042=CARTESIAN_POINT('',(-0.0714285714285714,0.0489795918367347,0.02));
#1043=CARTESIAN_POINT('',(-0.0918367346938775,0.,-0.0625));
#1044=CARTESIAN_POINT('',(-0.0918367346938775,0.00327449769492596,-0.0603448275862069));
#1045=CARTESIAN_POINT('',(-0.0918367346938775,0.00643410073388961,-0.0581896551724138));
#1046=CARTESIAN_POINT('',(-0.0918367346938775,0.00947880911689095,-0.0560344827586207));
#1047=CARTESIAN_POINT('',(-0.0918367346938775,0.01240862284393,-0.0538793103448276));
#1048=CARTESIAN_POINT('',(-0.0918367346938775,0.0152235419150067,-0.0517241379310345));
#1049=CARTESIAN_POINT('',(-0.0918367346938775,0.0179235663301211,-0.0495689655172414));
#1050=CARTESIAN_POINT('',(-0.0918367346938775,0.0205086960892732,-0.0474137931034483));
#1051=CARTESIAN_POINT('',(-0.0918367346938775,0.0229789311924629,-0.0452586206896552));
#1052=CARTESIAN_POINT('',(-0.0918367346938775,0.0253342716396904,-0.0431034482758621));
#1053=CARTESIAN_POINT('',(-0.0918367346938775,0.0275747174309555,-0.040948275862069));
#1054=CARTESIAN_POINT('',(-0.0918367346938775,0.0297002685662583,-0.0387931034482759));
#1055=CARTESIAN_POINT('',(-0.0918367346938775,0.0317109250455988,-0.0366379310344828));
#1056=CARTESIAN_POINT('',(-0.0918367346938775,0.033606686868977,-0.0344827586206897));
#1057=CARTESIAN_POINT('',(-0.0918367346938775,0.0353875540363929,-0.0323275862068965));
#1058=CARTESIAN_POINT('',(-0.0918367346938775,0.0370535265478464,-0.0301724137931034));
#1059=CARTESIAN_POINT('',(-0.0918367346938775,0.0386046044033377,-0.0280172413793103));
#1060=CARTESIAN_POINT('',(-0.0918367346938775,0.0400407876028666,-0.0258620689655172));
#1061=CARTESIAN_POINT('',(-0.0918367346938775,0.0413620761464332,-0.0237068965517241));
#1062=CARTESIAN_POINT('',(-0.0918367346938775,0.0425684700340375,-0.021551724137931));
#1063=CARTESIAN_POINT('',(-0.0918367346938775,0.0436599692656795,-0.0193965517241379));
#1064=CARTESIAN_POINT('',(-0.0918367346938775,0.0446365738413592,-0.0172413793103448));
#1065=CARTESIAN_POINT('',(-0.0918367346938775,0.0454982837610766,-0.0150862068965517));
#1066=CARTESIAN_POINT('',(-0.0918367346938775,0.0462450990248316,-0.0129310344827586));
#1067=CARTESIAN_POINT('',(-0.0918367346938775,0.0468770196326243,-0.0107758620689655));
#1068=CARTESIAN_POINT('',(-0.0918367346938775,0.0473940455844548,-0.00862068965517242));
#1069=CARTESIAN_POINT('',(-0.0918367346938775,0.0477961768803229,-0.00646551724137931));
#1070=CARTESIAN_POINT('',(-0.0918367346938775,0.0480834135202286,-0.00431034482758621));
#1071=CARTESIAN_POINT('',(-0.0918367346938775,0.0482557555041721,-0.0021551724137931));
#1072=CARTESIAN_POINT('',(-0.0918367346938775,0.0483132028321533,0.));
#1073=CARTESIAN_POINT('',(-0.0918367346938775,0.0483132028321532,0.00666666666666667));
#1074=CARTESIAN_POINT('',(-0.0918367346938775,0.0483132028321533,0.0133333333333333));
#1075=CARTESIAN_POINT('',(-0.0918367346938775,0.0483132028321533,0.02));
#1076=CARTESIAN_POINT('',(-0.112244897959184,0.,-0.0625));
#1077=CARTESIAN_POINT('',(-0.112244897959184,0.00321804083811689,-0.0603448275862069));
#1078=CARTESIAN_POINT('',(-0.112244897959184,0.00632316796261566,-0.0581896551724138));
#1079=CARTESIAN_POINT('',(-0.112244897959184,0.00931538137349628,-0.0560344827586207));
#1080=CARTESIAN_POINT('',(-0.112244897959184,0.0121946810707588,-0.0538793103448276));
#1081=CARTESIAN_POINT('',(-0.112244897959184,0.0149610670544031,-0.0517241379310345));
#1082=CARTESIAN_POINT('',(-0.112244897959184,0.0176145393244293,-0.0495689655172414));
#1083=CARTESIAN_POINT('',(-0.112244897959184,0.0201550978808374,-0.0474137931034483));
#1084=CARTESIAN_POINT('',(-0.112244897959184,0.0225827427236273,-0.0452586206896552));
#1085=CARTESIAN_POINT('',(-0.112244897959184,0.0248974738527991,-0.0431034482758621));
#1086=CARTESIAN_POINT('',(-0.112244897959184,0.0270992912683528,-0.040948275862069));
#1087=CARTESIAN_POINT('',(-0.112244897959184,0.0291881949702883,-0.0387931034482759));
#1088=CARTESIAN_POINT('',(-0.112244897959184,0.0311641849586057,-0.0366379310344828));
#1089=CARTESIAN_POINT('',(-0.112244897959184,0.033027261233305,-0.0344827586206897));
#1090=CARTESIAN_POINT('',(-0.112244897959184,0.0347774237943861,-0.0323275862068965));
#1091=CARTESIAN_POINT('',(-0.112244897959184,0.0364146726418491,-0.0301724137931034));
#1092=CARTESIAN_POINT('',(-0.112244897959184,0.0379390077756939,-0.0280172413793103));
#1093=CARTESIAN_POINT('',(-0.112244897959184,0.0393504291959206,-0.0258620689655172));
#1094=CARTESIAN_POINT('',(-0.112244897959184,0.0406489369025292,-0.0237068965517241));
#1095=CARTESIAN_POINT('',(-0.112244897959184,0.0418345308955196,-0.021551724137931));
#1096=CARTESIAN_POINT('',(-0.112244897959184,0.042907211174892,-0.0193965517241379));
#1097=CARTESIAN_POINT('',(-0.112244897959184,0.0438669777406461,-0.0172413793103448));
#1098=CARTESIAN_POINT('',(-0.112244897959184,0.0447138305927821,-0.0150862068965517));
#1099=CARTESIAN_POINT('',(-0.112244897959184,0.0454477697313,-0.0129310344827586));
#1100=CARTESIAN_POINT('',(-0.112244897959184,0.0460687951561998,-0.0107758620689655));
#1101=CARTESIAN_POINT('',(-0.112244897959184,0.0465769068674814,-0.00862068965517242));
#1102=CARTESIAN_POINT('',(-0.112244897959184,0.0469721048651449,-0.00646551724137931));
#1103=CARTESIAN_POINT('',(-0.112244897959184,0.0472543891491902,-0.00431034482758621));
#1104=CARTESIAN_POINT('',(-0.112244897959184,0.0474237597196174,-0.0021551724137931));
#1105=CARTESIAN_POINT('',(-0.112244897959184,0.0474802165764265,0.));
#1106=CARTESIAN_POINT('',(-0.112244897959184,0.0474802165764265,0.00666666666666667));
#1107=CARTESIAN_POINT('',(-0.112244897959184,0.0474802165764265,0.0133333333333333));
#1108=CARTESIAN_POINT('',(-0.112244897959184,0.0474802165764265,0.02));
#1109=CARTESIAN_POINT('',(-0.13265306122449,0.,-0.0625));
#1110=CARTESIAN_POINT('',(-0.13265306122449,0.00315029260994601,-0.0603448275862069));
#1111=CARTESIAN_POINT('',(-0.13265306122449,0.00619004863708691,-0.0581896551724138));
#1112=CARTESIAN_POINT('',(-0.13265306122449,0.00911926808142267,-0.0560344827586207));
#1113=CARTESIAN_POINT('',(-0.13265306122449,0.0119379509429533,-0.0538793103448276));
#1114=CARTESIAN_POINT('',(-0.13265306122449,0.0146460972216788,-0.0517241379310345));
#1115=CARTESIAN_POINT('',(-0.13265306122449,0.0172437069175992,-0.0495689655172414));
#1116=CARTESIAN_POINT('',(-0.13265306122449,0.0197307800307145,-0.0474137931034483));
#1117=CARTESIAN_POINT('',(-0.13265306122449,0.0221073165610247,-0.0452586206896552));
#1118=CARTESIAN_POINT('',(-0.13265306122449,0.0243733165085297,-0.0431034482758621));
#1119=CARTESIAN_POINT('',(-0.13265306122449,0.0265287798732296,-0.040948275862069));
#1120=CARTESIAN_POINT('',(-0.13265306122449,0.0285737066551244,-0.0387931034482759));
#1121=CARTESIAN_POINT('',(-0.13265306122449,0.030508096854214,-0.0366379310344828));
#1122=CARTESIAN_POINT('',(-0.13265306122449,0.0323319504704986,-0.0344827586206897));
#1123=CARTESIAN_POINT('',(-0.13265306122449,0.034045267503978,-0.0323275862068965));
#1124=CARTESIAN_POINT('',(-0.13265306122449,0.0356480479546523,-0.0301724137931034));
#1125=CARTESIAN_POINT('',(-0.13265306122449,0.0371402918225214,-0.0280172413793103));
#1126=CARTESIAN_POINT('',(-0.13265306122449,0.0385219991075855,-0.0258620689655172));
#1127=CARTESIAN_POINT('',(-0.13265306122449,0.0397931698098444,-0.0237068965517241));
#1128=CARTESIAN_POINT('',(-0.13265306122449,0.0409538039292982,-0.021551724137931));
#1129=CARTESIAN_POINT('',(-0.13265306122449,0.0420039014659469,-0.0193965517241379));
#1130=CARTESIAN_POINT('',(-0.13265306122449,0.0429434624197904,-0.0172413793103448));
#1131=CARTESIAN_POINT('',(-0.13265306122449,0.0437724867908288,-0.0150862068965517));
#1132=CARTESIAN_POINT('',(-0.13265306122449,0.0444909745790621,-0.0129310344827586));
#1133=CARTESIAN_POINT('',(-0.13265306122449,0.0450989257844903,-0.0107758620689655));
#1134=CARTESIAN_POINT('',(-0.13265306122449,0.0455963404071134,-0.00862068965517242));
#1135=CARTESIAN_POINT('',(-0.13265306122449,0.0459832184469313,-0.00646551724137931));
#1136=CARTESIAN_POINT('',(-0.13265306122449,0.0462595599039441,-0.00431034482758621));
#1137=CARTESIAN_POINT('',(-0.13265306122449,0.0464253647781518,-0.0021551724137931));
#1138=CARTESIAN_POINT('',(-0.13265306122449,0.0464806330695544,0.));
#1139=CARTESIAN_POINT('',(-0.13265306122449,0.0464806330695544,0.00666666666666667));
#1140=CARTESIAN_POINT('',(-0.13265306122449,0.0464806330695543,0.0133333333333333));
#1141=CARTESIAN_POINT('',(-0.13265306122449,0.0464806330695544,0.02));
#1142=CARTESIAN_POINT('',(-0.153061224489796,0.,-0.0625));
#1143=CARTESIAN_POINT('',(-0.153061224489796,0.00307125301041331,-0.0603448275862069));
#1144=CARTESIAN_POINT('',(-0.153061224489796,0.00603474275730336,-0.0581896551724138));
#1145=CARTESIAN_POINT('',(-0.153061224489796,0.00889046924067013,-0.0560344827586207));
#1146=CARTESIAN_POINT('',(-0.153061224489796,0.0116384324605136,-0.0538793103448276));
#1147=CARTESIAN_POINT('',(-0.153061224489796,0.0142786324168338,-0.0517241379310345));
#1148=CARTESIAN_POINT('',(-0.153061224489796,0.0168110691096308,-0.0495689655172414));
#1149=CARTESIAN_POINT('',(-0.153061224489796,0.0192357425389045,-0.0474137931034483));
#1150=CARTESIAN_POINT('',(-0.153061224489796,0.0215526527046549,-0.0452586206896552));
#1151=CARTESIAN_POINT('',(-0.153061224489796,0.023761799606882,-0.0431034482758621));
#1152=CARTESIAN_POINT('',(-0.153061224489796,0.0258631832455858,-0.040948275862069));
#1153=CARTESIAN_POINT('',(-0.153061224489796,0.0278568036207664,-0.0387931034482759));
#1154=CARTESIAN_POINT('',(-0.153061224489796,0.0297426607324237,-0.0366379310344828));
#1155=CARTESIAN_POINT('',(-0.153061224489796,0.0315207545805577,-0.0344827586206897));
#1156=CARTESIAN_POINT('',(-0.153061224489796,0.0331910851651685,-0.0323275862068965));
#1157=CARTESIAN_POINT('',(-0.153061224489796,0.034753652486256,-0.0301724137931034));
#1158=CARTESIAN_POINT('',(-0.153061224489796,0.0362084565438202,-0.0280172413793103));
#1159=CARTESIAN_POINT('',(-0.153061224489796,0.0375554973378611,-0.0258620689655172));
#1160=CARTESIAN_POINT('',(-0.153061224489796,0.0387947748683788,-0.0237068965517241));
#1161=CARTESIAN_POINT('',(-0.153061224489796,0.0399262891353731,-0.021551724137931));
#1162=CARTESIAN_POINT('',(-0.153061224489796,0.0409500401388442,-0.0193965517241379));
#1163=CARTESIAN_POINT('',(-0.153061224489796,0.0418660278787921,-0.0172413793103448));
#1164=CARTESIAN_POINT('',(-0.153061224489796,0.0426742523552166,-0.0150862068965517));
#1165=CARTESIAN_POINT('',(-0.153061224489796,0.0433747135681179,-0.0129310344827586));
#1166=CARTESIAN_POINT('',(-0.153061224489796,0.0439674115174959,-0.0107758620689655));
#1167=CARTESIAN_POINT('',(-0.153061224489796,0.0444523462033507,-0.00862068965517242));
#1168=CARTESIAN_POINT('',(-0.153061224489796,0.0448295176256821,-0.00646551724137931));
#1169=CARTESIAN_POINT('',(-0.153061224489796,0.0450989257844903,-0.00431034482758621));
#1170=CARTESIAN_POINT('',(-0.153061224489796,0.0452605706797752,-0.0021551724137931));
#1171=CARTESIAN_POINT('',(-0.153061224489796,0.0453144523115369,0.));
#1172=CARTESIAN_POINT('',(-0.153061224489796,0.0453144523115369,0.00666666666666667));
#1173=CARTESIAN_POINT('',(-0.153061224489796,0.0453144523115368,0.0133333333333333));
#1174=CARTESIAN_POINT('',(-0.153061224489796,0.0453144523115369,0.02));
#1175=CARTESIAN_POINT('',(-0.173469387755102,0.,-0.0625));
#1176=CARTESIAN_POINT('',(-0.173469387755102,0.0029809220395188,-0.0603448275862069));
#1177=CARTESIAN_POINT('',(-0.173469387755102,0.00585725032326503,-0.0581896551724138));
#1178=CARTESIAN_POINT('',(-0.173469387755102,0.00862898485123866,-0.0560344827586207));
#1179=CARTESIAN_POINT('',(-0.173469387755102,0.0112961256234397,-0.0538793103448276));
#1180=CARTESIAN_POINT('',(-0.173469387755102,0.0138586726398681,-0.0517241379310345));
#1181=CARTESIAN_POINT('',(-0.173469387755102,0.016316625900524,-0.0495689655172414));
#1182=CARTESIAN_POINT('',(-0.173469387755102,0.0186699854054073,-0.0474137931034483));
#1183=CARTESIAN_POINT('',(-0.173469387755102,0.020918751154518,-0.0452586206896552));
#1184=CARTESIAN_POINT('',(-0.173469387755102,0.023062923147856,-0.0431034482758621));
#1185=CARTESIAN_POINT('',(-0.173469387755102,0.0251025013854216,-0.040948275862069));
#1186=CARTESIAN_POINT('',(-0.173469387755102,0.0270374858672145,-0.0387931034482759));
#1187=CARTESIAN_POINT('',(-0.173469387755102,0.0288678765932348,-0.0366379310344828));
#1188=CARTESIAN_POINT('',(-0.173469387755102,0.0305936735634825,-0.0344827586206897));
#1189=CARTESIAN_POINT('',(-0.173469387755102,0.0322148767779577,-0.0323275862068965));
#1190=CARTESIAN_POINT('',(-0.173469387755102,0.0337314862366602,-0.0301724137931034));
#1191=CARTESIAN_POINT('',(-0.173469387755102,0.0351435019395902,-0.0280172413793103));
#1192=CARTESIAN_POINT('',(-0.173469387755102,0.0364509238867475,-0.0258620689655172));
#1193=CARTESIAN_POINT('',(-0.173469387755102,0.0376537520781323,-0.0237068965517241));
#1194=CARTESIAN_POINT('',(-0.173469387755102,0.0387519865137445,-0.021551724137931));
#1195=CARTESIAN_POINT('',(-0.173469387755102,0.0397456271935841,-0.0193965517241379));
#1196=CARTESIAN_POINT('',(-0.173469387755102,0.0406346741176511,-0.0172413793103448));
#1197=CARTESIAN_POINT('',(-0.173469387755102,0.0414191272859456,-0.0150862068965517));
#1198=CARTESIAN_POINT('',(-0.173469387755102,0.0420989866984674,-0.0129310344827586));
#1199=CARTESIAN_POINT('',(-0.173469387755102,0.0426742523552166,-0.0107758620689655));
#1200=CARTESIAN_POINT('',(-0.173469387755102,0.0431449242561933,-0.00862068965517242));
#1201=CARTESIAN_POINT('',(-0.173469387755102,0.0435110024013974,-0.00646551724137931));
#1202=CARTESIAN_POINT('',(-0.173469387755102,0.0437724867908288,-0.00431034482758621));
#1203=CARTESIAN_POINT('',(-0.173469387755102,0.0439293774244877,-0.0021551724137931));
#1204=CARTESIAN_POINT('',(-0.173469387755102,0.043981674302374,0.));
#1205=CARTESIAN_POINT('',(-0.173469387755102,0.043981674302374,0.00666666666666667));
#1206=CARTESIAN_POINT('',(-0.173469387755102,0.043981674302374,0.0133333333333333));
#1207=CARTESIAN_POINT('',(-0.173469387755102,0.043981674302374,0.02));
#1208=CARTESIAN_POINT('',(-0.193877551020408,0.,-0.0625));
#1209=CARTESIAN_POINT('',(-0.193877551020408,0.00287929969726248,-0.0603448275862069));
#1210=CARTESIAN_POINT('',(-0.193877551020408,0.0056575713349719,-0.0581896551724138));
#1211=CARTESIAN_POINT('',(-0.193877551020408,0.00833481491312825,-0.0560344827586207));
#1212=CARTESIAN_POINT('',(-0.193877551020408,0.0109110304317315,-0.0538793103448276));
#1213=CARTESIAN_POINT('',(-0.193877551020408,0.0133862178907817,-0.0517241379310345));
#1214=CARTESIAN_POINT('',(-0.193877551020408,0.0157603772902789,-0.0495689655172414));
#1215=CARTESIAN_POINT('',(-0.193877551020408,0.0180335086302229,-0.0474137931034483));
#1216=CARTESIAN_POINT('',(-0.193877551020408,0.0202056119106139,-0.0452586206896552));
#1217=CARTESIAN_POINT('',(-0.193877551020408,0.0222766871314519,-0.0431034482758621));
#1218=CARTESIAN_POINT('',(-0.193877551020408,0.0242467342927367,-0.040948275862069));
#1219=CARTESIAN_POINT('',(-0.193877551020408,0.0261157533944685,-0.0387931034482759));
#1220=CARTESIAN_POINT('',(-0.193877551020408,0.0278837444366472,-0.0366379310344828));
#1221=CARTESIAN_POINT('',(-0.193877551020408,0.0295507074192729,-0.0344827586206897));
#1222=CARTESIAN_POINT('',(-0.193877551020408,0.0311166423423455,-0.0323275862068965));
#1223=CARTESIAN_POINT('',(-0.193877551020408,0.032581549205865,-0.0301724137931034));
#1224=CARTESIAN_POINT('',(-0.193877551020408,0.0339454280098314,-0.0280172413793103));
#1225=CARTESIAN_POINT('',(-0.193877551020408,0.0352082787542448,-0.0258620689655172));
#1226=CARTESIAN_POINT('',(-0.193877551020408,0.0363701014391051,-0.0237068965517241));
#1227=CARTESIAN_POINT('',(-0.193877551020408,0.0374308960644123,-0.021551724137931));
#1228=CARTESIAN_POINT('',(-0.193877551020408,0.0383906626301665,-0.0193965517241379));
#1229=CARTESIAN_POINT('',(-0.193877551020408,0.0392494011363676,-0.0172413793103448));
#1230=CARTESIAN_POINT('',(-0.193877551020408,0.0400071115830156,-0.0150862068965517));
#1231=CARTESIAN_POINT('',(-0.193877551020408,0.0406637939701106,-0.0129310344827586));
#1232=CARTESIAN_POINT('',(-0.193877551020408,0.0412194482976524,-0.0107758620689655));
#1233=CARTESIAN_POINT('',(-0.193877551020408,0.0416740745656413,-0.00862068965517242));
#1234=CARTESIAN_POINT('',(-0.193877551020408,0.042027672774077,-0.00646551724137931));
#1235=CARTESIAN_POINT('',(-0.193877551020408,0.0422802429229597,-0.00431034482758621));
#1236=CARTESIAN_POINT('',(-0.193877551020408,0.0424317850122893,-0.0021551724137931));
#1237=CARTESIAN_POINT('',(-0.193877551020408,0.0424822990420658,0.));
#1238=CARTESIAN_POINT('',(-0.193877551020408,0.0424822990420658,0.00666666666666667));
#1239=CARTESIAN_POINT('',(-0.193877551020408,0.0424822990420658,0.0133333333333333));
#1240=CARTESIAN_POINT('',(-0.193877551020408,0.0424822990420658,0.02));
#1241=CARTESIAN_POINT('',(-0.214285714285714,0.,-0.0625));
#1242=CARTESIAN_POINT('',(-0.214285714285714,0.00276638598364434,-0.0603448275862069));
#1243=CARTESIAN_POINT('',(-0.214285714285714,0.00543570579242399,-0.0581896551724138));
#1244=CARTESIAN_POINT('',(-0.214285714285714,0.00800795942633891,-0.0560344827586207));
#1245=CARTESIAN_POINT('',(-0.214285714285714,0.0104831468853891,-0.0538793103448276));
#1246=CARTESIAN_POINT('',(-0.214285714285714,0.0128612681695746,-0.0517241379310345));
#1247=CARTESIAN_POINT('',(-0.214285714285714,0.0151423232788954,-0.0495689655172414));
#1248=CARTESIAN_POINT('',(-0.214285714285714,0.0173263122133515,-0.0474137931034483));
#1249=CARTESIAN_POINT('',(-0.214285714285714,0.0194132349729428,-0.0452586206896552));
#1250=CARTESIAN_POINT('',(-0.214285714285714,0.0214030915576694,-0.0431034482758621));
#1251=CARTESIAN_POINT('',(-0.214285714285714,0.0232958819675314,-0.040948275862069));
#1252=CARTESIAN_POINT('',(-0.214285714285714,0.0250916062025286,-0.0387931034482759));
#1253=CARTESIAN_POINT('',(-0.214285714285714,0.0267902642626611,-0.0366379310344828));
#1254=CARTESIAN_POINT('',(-0.214285714285714,0.0283918561479289,-0.0344827586206897));
#1255=CARTESIAN_POINT('',(-0.214285714285714,0.0298963818583319,-0.0323275862068965));
#1256=CARTESIAN_POINT('',(-0.214285714285714,0.0313038413938703,-0.0301724137931034));
#1257=CARTESIAN_POINT('',(-0.214285714285714,0.0326142347545439,-0.0280172413793103));
#1258=CARTESIAN_POINT('',(-0.214285714285714,0.0338275619403528,-0.0258620689655172));
#1259=CARTESIAN_POINT('',(-0.214285714285714,0.034943822951297,-0.0237068965517241));
#1260=CARTESIAN_POINT('',(-0.214285714285714,0.0359630177873765,-0.021551724137931));
#1261=CARTESIAN_POINT('',(-0.214285714285714,0.0368851464485913,-0.0193965517241379));
#1262=CARTESIAN_POINT('',(-0.214285714285714,0.0377102089349414,-0.0172413793103448));
#1263=CARTESIAN_POINT('',(-0.214285714285714,0.0384382052464268,-0.0150862068965517));
#1264=CARTESIAN_POINT('',(-0.214285714285714,0.0390691353830474,-0.0129310344827586));
#1265=CARTESIAN_POINT('',(-0.214285714285714,0.0396029993448033,-0.0107758620689655));
#1266=CARTESIAN_POINT('',(-0.214285714285714,0.0400397971316945,-0.00862068965517242));
#1267=CARTESIAN_POINT('',(-0.214285714285714,0.040379528743721,-0.00646551724137931));
#1268=CARTESIAN_POINT('',(-0.214285714285714,0.0406221941808828,-0.00431034482758621));
#1269=CARTESIAN_POINT('',(-0.214285714285714,0.0407677934431799,-0.0021551724137931));
#1270=CARTESIAN_POINT('',(-0.214285714285714,0.0408163265306122,0.));
#1271=CARTESIAN_POINT('',(-0.214285714285714,0.0408163265306123,0.00666666666666667));
#1272=CARTESIAN_POINT('',(-0.214285714285714,0.0408163265306122,0.0133333333333333));
#1273=CARTESIAN_POINT('',(-0.214285714285714,0.0408163265306122,0.02));
#1274=CARTESIAN_POINT('',(-0.23469387755102,0.,-0.0625));
#1275=CARTESIAN_POINT('',(-0.23469387755102,0.00264218089866439,-0.0603448275862069));
#1276=CARTESIAN_POINT('',(-0.23469387755102,0.00519165369562128,-0.0581896551724138));
#1277=CARTESIAN_POINT('',(-0.23469387755102,0.00764841839087063,-0.0560344827586207));
#1278=CARTESIAN_POINT('',(-0.23469387755102,0.0100124749844125,-0.0538793103448276));
#1279=CARTESIAN_POINT('',(-0.23469387755102,0.0122838234762468,-0.0517241379310345));
#1280=CARTESIAN_POINT('',(-0.23469387755102,0.0144624638663735,-0.0495689655172414));
#1281=CARTESIAN_POINT('',(-0.23469387755102,0.0165483961547928,-0.0474137931034483));
#1282=CARTESIAN_POINT('',(-0.23469387755102,0.0185416203415046,-0.0452586206896552));
#1283=CARTESIAN_POINT('',(-0.23469387755102,0.0204421364265088,-0.0431034482758621));
#1284=CARTESIAN_POINT('',(-0.23469387755102,0.0222499444098055,-0.040948275862069));
#1285=CARTESIAN_POINT('',(-0.23469387755102,0.0239650442913946,-0.0387931034482759));
#1286=CARTESIAN_POINT('',(-0.23469387755102,0.0255874360712763,-0.0366379310344828));
#1287=CARTESIAN_POINT('',(-0.23469387755102,0.0271171197494504,-0.0344827586206897));
#1288=CARTESIAN_POINT('',(-0.23469387755102,0.028554095325917,-0.0323275862068965));
#1289=CARTESIAN_POINT('',(-0.23469387755102,0.0298983628006761,-0.0301724137931034));
#1290=CARTESIAN_POINT('',(-0.23469387755102,0.0311499221737277,-0.0280172413793103));
#1291=CARTESIAN_POINT('',(-0.23469387755102,0.0323087734450717,-0.0258620689655172));
#1292=CARTESIAN_POINT('',(-0.23469387755102,0.0333749166147082,-0.0237068965517241));
#1293=CARTESIAN_POINT('',(-0.23469387755102,0.0343483516826372,-0.021551724137931));
#1294=CARTESIAN_POINT('',(-0.23469387755102,0.0352290786488587,-0.0193965517241379));
#1295=CARTESIAN_POINT('',(-0.23469387755102,0.0360170975133726,-0.0172413793103448));
#1296=CARTESIAN_POINT('',(-0.23469387755102,0.036712408276179,-0.0150862068965517));
#1297=CARTESIAN_POINT('',(-0.23469387755102,0.0373150109372779,-0.0129310344827586));
#1298=CARTESIAN_POINT('',(-0.23469387755102,0.0378249054966693,-0.0107758620689655));
#1299=CARTESIAN_POINT('',(-0.23469387755102,0.0382420919543531,-0.00862068965517242));
#1300=CARTESIAN_POINT('',(-0.23469387755102,0.0385665703103295,-0.00646551724137931));
#1301=CARTESIAN_POINT('',(-0.23469387755102,0.0387983405645983,-0.00431034482758621));
#1302=CARTESIAN_POINT('',(-0.23469387755102,0.0389374027171596,-0.0021551724137931));
#1303=CARTESIAN_POINT('',(-0.23469387755102,0.0389837567680133,0.));
#1304=CARTESIAN_POINT('',(-0.23469387755102,0.0389837567680133,0.00666666666666667));
#1305=CARTESIAN_POINT('',(-0.23469387755102,0.0389837567680133,0.0133333333333333));
#1306=CARTESIAN_POINT('',(-0.23469387755102,0.0389837567680133,0.02));
#1307=CARTESIAN_POINT('',(-0.255102040816327,0.,-0.0625));
#1308=CARTESIAN_POINT('',(-0.255102040816327,0.00250668444232263,-0.0603448275862069));
#1309=CARTESIAN_POINT('',(-0.255102040816327,0.00492541504456377,-0.0581896551724138));
#1310=CARTESIAN_POINT('',(-0.255102040816327,0.00725619180672342,-0.0560344827586207));
#1311=CARTESIAN_POINT('',(-0.255102040816327,0.00949901472880157,-0.0538793103448276));
#1312=CARTESIAN_POINT('',(-0.255102040816327,0.0116538838107982,-0.0517241379310345));
#1313=CARTESIAN_POINT('',(-0.255102040816327,0.0137207990527134,-0.0495689655172414));
#1314=CARTESIAN_POINT('',(-0.255102040816327,0.015699760454547,-0.0474137931034483));
#1315=CARTESIAN_POINT('',(-0.255102040816327,0.0175907680162992,-0.0452586206896552));
#1316=CARTESIAN_POINT('',(-0.255102040816327,0.0193938217379699,-0.0431034482758621));
#1317=CARTESIAN_POINT('',(-0.255102040816327,0.021108921619559,-0.040948275862069));
#1318=CARTESIAN_POINT('',(-0.255102040816327,0.0227360676610667,-0.0387931034482759));
#1319=CARTESIAN_POINT('',(-0.255102040816327,0.0242752598624929,-0.0366379310344828));
#1320=CARTESIAN_POINT('',(-0.255102040816327,0.0257264982238376,-0.0344827586206897));
#1321=CARTESIAN_POINT('',(-0.255102040816327,0.0270897827451008,-0.0323275862068965));
#1322=CARTESIAN_POINT('',(-0.255102040816327,0.0283651134262825,-0.0301724137931034));
#1323=CARTESIAN_POINT('',(-0.255102040816327,0.0295524902673826,-0.0280172413793103));
#1324=CARTESIAN_POINT('',(-0.255102040816327,0.0306519132684013,-0.0258620689655172));
#1325=CARTESIAN_POINT('',(-0.255102040816327,0.0316633824293385,-0.0237068965517241));
#1326=CARTESIAN_POINT('',(-0.255102040816327,0.0325868977501943,-0.021551724137931));
#1327=CARTESIAN_POINT('',(-0.255102040816327,0.0334224592309685,-0.0193965517241379));
#1328=CARTESIAN_POINT('',(-0.255102040816327,0.0341700668716612,-0.0172413793103448));
#1329=CARTESIAN_POINT('',(-0.255102040816327,0.0348297206722724,-0.0150862068965517));
#1330=CARTESIAN_POINT('',(-0.255102040816327,0.0354014206328021,-0.0129310344827586));
#1331=CARTESIAN_POINT('',(-0.255102040816327,0.0358851667532504,-0.0107758620689655));
#1332=CARTESIAN_POINT('',(-0.255102040816327,0.0362809590336171,-0.00862068965517242));
#1333=CARTESIAN_POINT('',(-0.255102040816327,0.0365887974739023,-0.00646551724137931));
#1334=CARTESIAN_POINT('',(-0.255102040816327,0.0368086820741061,-0.00431034482758621));
#1335=CARTESIAN_POINT('',(-0.255102040816327,0.0369406128342283,-0.0021551724137931));
#1336=CARTESIAN_POINT('',(-0.255102040816326,0.0369845897542691,0.));
#1337=CARTESIAN_POINT('',(-0.255102040816326,0.0369845897542691,0.00666666666666667));
#1338=CARTESIAN_POINT('',(-0.255102040816326,0.036984589754269,0.0133333333333333));
#1339=CARTESIAN_POINT('',(-0.255102040816326,0.0369845897542691,0.02));
#1340=CARTESIAN_POINT('',(-0.275510204081633,0.,-0.0625));
#1341=CARTESIAN_POINT('',(-0.275510204081633,0.00235989661461905,-0.0603448275862069));
#1342=CARTESIAN_POINT('',(-0.275510204081633,0.00463698983925148,-0.0581896551724138));
#1343=CARTESIAN_POINT('',(-0.275510204081633,0.00683127967389727,-0.0560344827586207));
#1344=CARTESIAN_POINT('',(-0.275510204081633,0.00894276611855643,-0.0538793103448276));
#1345=CARTESIAN_POINT('',(-0.275510204081633,0.010971449173229,-0.0517241379310345));
#1346=CARTESIAN_POINT('',(-0.275510204081633,0.0129173288379148,-0.0495689655172414));
#1347=CARTESIAN_POINT('',(-0.275510204081633,0.0147804051126141,-0.0474137931034483));
#1348=CARTESIAN_POINT('',(-0.275510204081633,0.0165606779973267,-0.0452586206896552));
#1349=CARTESIAN_POINT('',(-0.275510204081633,0.0182581474920527,-0.0431034482758621));
#1350=CARTESIAN_POINT('',(-0.275510204081633,0.0198728135967921,-0.040948275862069));
#1351=CARTESIAN_POINT('',(-0.275510204081633,0.0214046763115448,-0.0387931034482759));
#1352=CARTESIAN_POINT('',(-0.275510204081633,0.0228537356363109,-0.0366379310344828));
#1353=CARTESIAN_POINT('',(-0.275510204081633,0.0242199915710903,-0.0344827586206897));
#1354=CARTESIAN_POINT('',(-0.275510204081633,0.0255034441158832,-0.0323275862068965));
#1355=CARTESIAN_POINT('',(-0.275510204081633,0.0267040932706893,-0.0301724137931034));
#1356=CARTESIAN_POINT('',(-0.275510204081633,0.0278219390355089,-0.0280172413793103));
#1357=CARTESIAN_POINT('',(-0.275510204081633,0.0288569814103418,-0.0258620689655172));
#1358=CARTESIAN_POINT('',(-0.275510204081633,0.0298092203951881,-0.0237068965517241));
#1359=CARTESIAN_POINT('',(-0.275510204081633,0.0306786559900477,-0.021551724137931));
#1360=CARTESIAN_POINT('',(-0.275510204081633,0.0314652881949208,-0.0193965517241379));
#1361=CARTESIAN_POINT('',(-0.275510204081633,0.0321691170098072,-0.0172413793103448));
#1362=CARTESIAN_POINT('',(-0.275510204081633,0.0327901424347069,-0.0150862068965517));
#1363=CARTESIAN_POINT('',(-0.275510204081633,0.03332836446962,-0.0129310344827586));
#1364=CARTESIAN_POINT('',(-0.275510204081633,0.0337837831145465,-0.0107758620689655));
#1365=CARTESIAN_POINT('',(-0.275510204081633,0.0341563983694864,-0.00862068965517242));
#1366=CARTESIAN_POINT('',(-0.275510204081633,0.0344462102344396,-0.00646551724137931));
#1367=CARTESIAN_POINT('',(-0.275510204081633,0.0346532187094062,-0.00431034482758621));
#1368=CARTESIAN_POINT('',(-0.275510204081633,0.0347774237943861,-0.0021551724137931));
#1369=CARTESIAN_POINT('',(-0.275510204081633,0.0348188254893794,0.));
#1370=CARTESIAN_POINT('',(-0.275510204081633,0.0348188254893794,0.00666666666666667));
#1371=CARTESIAN_POINT('',(-0.275510204081633,0.0348188254893795,0.0133333333333333));
#1372=CARTESIAN_POINT('',(-0.275510204081633,0.0348188254893794,0.02));
#1373=CARTESIAN_POINT('',(-0.295918367346939,0.,-0.0625));
#1374=CARTESIAN_POINT('',(-0.295918367346939,0.00220181741555366,-0.0603448275862069));
#1375=CARTESIAN_POINT('',(-0.295918367346939,0.0043263780796844,-0.0581896551724138));
#1376=CARTESIAN_POINT('',(-0.295918367346939,0.00637368199239219,-0.0560344827586207));
#1377=CARTESIAN_POINT('',(-0.295918367346939,0.00834372915367705,-0.0538793103448276));
#1378=CARTESIAN_POINT('',(-0.295918367346939,0.010236519563539,-0.0517241379310345));
#1379=CARTESIAN_POINT('',(-0.295918367346939,0.012052053221978,-0.0495689655172414));
#1380=CARTESIAN_POINT('',(-0.295918367346939,0.013790330128994,-0.0474137931034483));
#1381=CARTESIAN_POINT('',(-0.295918367346939,0.0154513502845871,-0.0452586206896552));
#1382=CARTESIAN_POINT('',(-0.295918367346939,0.0170351136887573,-0.0431034482758621));
#1383=CARTESIAN_POINT('',(-0.295918367346939,0.0185416203415046,-0.040948275862069));
#1384=CARTESIAN_POINT('',(-0.295918367346939,0.0199708702428289,-0.0387931034482759));
#1385=CARTESIAN_POINT('',(-0.295918367346939,0.0213228633927302,-0.0366379310344828));
#1386=CARTESIAN_POINT('',(-0.295918367346939,0.0225975997912087,-0.0344827586206897));
#1387=CARTESIAN_POINT('',(-0.295918367346939,0.0237950794382642,-0.0323275862068965));
#1388=CARTESIAN_POINT('',(-0.295918367346939,0.0249153023338967,-0.0301724137931034));
#1389=CARTESIAN_POINT('',(-0.295918367346939,0.0259582684781064,-0.0280172413793103));
#1390=CARTESIAN_POINT('',(-0.295918367346939,0.0269239778708931,-0.0258620689655172));
#1391=CARTESIAN_POINT('',(-0.295918367346939,0.0278124305122568,-0.0237068965517241));
#1392=CARTESIAN_POINT('',(-0.295918367346939,0.0286236264021977,-0.021551724137931));
#1393=CARTESIAN_POINT('',(-0.295918367346939,0.0293575655407155,-0.0193965517241379));
#1394=CARTESIAN_POINT('',(-0.295918367346939,0.0300142479278105,-0.0172413793103448));
#1395=CARTESIAN_POINT('',(-0.295918367346939,0.0305936735634825,-0.0150862068965517));
#1396=CARTESIAN_POINT('',(-0.295918367346939,0.0310958424477316,-0.0129310344827586));
#1397=CARTESIAN_POINT('',(-0.295918367346939,0.0315207545805577,-0.0107758620689655));
#1398=CARTESIAN_POINT('',(-0.295918367346939,0.031868409961961,-0.00862068965517242));
#1399=CARTESIAN_POINT('',(-0.295918367346939,0.0321388085919412,-0.00646551724137931));
#1400=CARTESIAN_POINT('',(-0.295918367346939,0.0323319504704986,-0.00431034482758621));
#1401=CARTESIAN_POINT('',(-0.295918367346939,0.032447835597633,-0.0021551724137931));
#1402=CARTESIAN_POINT('',(-0.295918367346939,0.0324864639733444,0.));
#1403=CARTESIAN_POINT('',(-0.295918367346939,0.0324864639733444,0.00666666666666667));
#1404=CARTESIAN_POINT('',(-0.295918367346939,0.0324864639733444,0.0133333333333333));
#1405=CARTESIAN_POINT('',(-0.295918367346939,0.0324864639733444,0.02));
#1406=CARTESIAN_POINT('',(-0.316326530612245,0.,-0.0625));
#1407=CARTESIAN_POINT('',(-0.316326530612245,0.00203244684512646,-0.0603448275862069));
#1408=CARTESIAN_POINT('',(-0.316326530612245,0.00399357976586252,-0.0581896551724138));
#1409=CARTESIAN_POINT('',(-0.316326530612245,0.00588339876220817,-0.0560344827586207));
#1410=CARTESIAN_POINT('',(-0.316326530612245,0.00770190383416343,-0.0538793103448276));
#1411=CARTESIAN_POINT('',(-0.316326530612245,0.00944909498172828,-0.0517241379310345));
#1412=CARTESIAN_POINT('',(-0.316326530612245,0.0111249722049027,-0.0495689655172414));
#1413=CARTESIAN_POINT('',(-0.316326530612245,0.0127295355036868,-0.0474137931034483));
#1414=CARTESIAN_POINT('',(-0.316326530612245,0.0142627848780804,-0.0452586206896552));
#1415=CARTESIAN_POINT('',(-0.316326530612245,0.0157247203280837,-0.0431034482758621));
#1416=CARTESIAN_POINT('',(-0.316326530612245,0.0171153418536965,-0.040948275862069));
#1417=CARTESIAN_POINT('',(-0.316326530612245,0.018434649454919,-0.0387931034482759));
#1418=CARTESIAN_POINT('',(-0.316326530612245,0.019682643131751,-0.0366379310344828));
#1419=CARTESIAN_POINT('',(-0.316326530612245,0.0208593228841926,-0.0344827586206897));
#1420=CARTESIAN_POINT('',(-0.316326530612245,0.0219646887122439,-0.0323275862068965));
#1421=CARTESIAN_POINT('',(-0.316326530612245,0.0229987406159047,-0.0301724137931034));
#1422=CARTESIAN_POINT('',(-0.316326530612245,0.0239614785951751,-0.0280172413793103));
#1423=CARTESIAN_POINT('',(-0.316326530612245,0.0248529026500551,-0.0258620689655172));
#1424=CARTESIAN_POINT('',(-0.316326530612245,0.0256730127805448,-0.0237068965517241));
#1425=CARTESIAN_POINT('',(-0.316326530612245,0.026421808986644,-0.021551724137931));
#1426=CARTESIAN_POINT('',(-0.316326530612245,0.0270992912683528,-0.0193965517241379));
#1427=CARTESIAN_POINT('',(-0.316326530612245,0.0277054596256712,-0.0172413793103448));
#1428=CARTESIAN_POINT('',(-0.316326530612245,0.0282403140585992,-0.0150862068965517));
#1429=CARTESIAN_POINT('',(-0.316326530612245,0.0287038545671369,-0.0129310344827586));
#1430=CARTESIAN_POINT('',(-0.316326530612245,0.0290960811512841,-0.0107758620689655));
#1431=CARTESIAN_POINT('',(-0.316326530612245,0.0294169938110409,-0.00862068965517242));
#1432=CARTESIAN_POINT('',(-0.316326530612245,0.0296665925464073,-0.00646551724137931));
#1433=CARTESIAN_POINT('',(-0.316326530612245,0.0298448773573833,-0.00431034482758621));
#1434=CARTESIAN_POINT('',(-0.316326530612245,0.0299518482439689,-0.0021551724137931));
#1435=CARTESIAN_POINT('',(-0.316326530612245,0.0299875052061641,0.));
#1436=CARTESIAN_POINT('',(-0.316326530612245,0.0299875052061641,0.00666666666666667));
#1437=CARTESIAN_POINT('',(-0.316326530612245,0.0299875052061641,0.0133333333333333));
#1438=CARTESIAN_POINT('',(-0.316326530612245,0.0299875052061641,0.02));
#1439=CARTESIAN_POINT('',(-0.336734693877551,0.,-0.0625));
#1440=CARTESIAN_POINT('',(-0.336734693877551,0.00185178490333744,-0.0603448275862069));
#1441=CARTESIAN_POINT('',(-0.336734693877551,0.00363859489778585,-0.0581896551724138));
#1442=CARTESIAN_POINT('',(-0.336734693877551,0.00536042998334522,-0.0560344827586207));
#1443=CARTESIAN_POINT('',(-0.336734693877551,0.00701729016001557,-0.0538793103448276));
#1444=CARTESIAN_POINT('',(-0.336734693877551,0.00860917542779688,-0.0517241379310345));
#1445=CARTESIAN_POINT('',(-0.336734693877551,0.0101360857866892,-0.0495689655172414));
#1446=CARTESIAN_POINT('',(-0.336734693877551,0.0115980212366924,-0.0474137931034483));
#1447=CARTESIAN_POINT('',(-0.336734693877551,0.0129949817778066,-0.0452586206896552));
#1448=CARTESIAN_POINT('',(-0.336734693877551,0.0143269674100318,-0.0431034482758621));
#1449=CARTESIAN_POINT('',(-0.336734693877551,0.0155939781333679,-0.040948275862069));
#1450=CARTESIAN_POINT('',(-0.336734693877551,0.016796013947815,-0.0387931034482759));
#1451=CARTESIAN_POINT('',(-0.336734693877551,0.0179330748533731,-0.0366379310344828));
#1452=CARTESIAN_POINT('',(-0.336734693877551,0.0190051608500422,-0.0344827586206897));
#1453=CARTESIAN_POINT('',(-0.336734693877551,0.0200122719378222,-0.0323275862068965));
#1454=CARTESIAN_POINT('',(-0.336734693877551,0.0209544081167132,-0.0301724137931034));
#1455=CARTESIAN_POINT('',(-0.336734693877551,0.0218315693867151,-0.0280172413793103));
#1456=CARTESIAN_POINT('',(-0.336734693877551,0.022643755747828,-0.0258620689655172));
#1457=CARTESIAN_POINT('',(-0.336734693877551,0.0233909672000519,-0.0237068965517241));
#1458=CARTESIAN_POINT('',(-0.336734693877551,0.0240732037433867,-0.021551724137931));
#1459=CARTESIAN_POINT('',(-0.336734693877551,0.0246904653778326,-0.0193965517241379));
#1460=CARTESIAN_POINT('',(-0.336734693877551,0.0252427521033893,-0.0172413793103448));
#1461=CARTESIAN_POINT('',(-0.336734693877551,0.0257300639200571,-0.0150862068965517));
#1462=CARTESIAN_POINT('',(-0.336734693877551,0.0261524008278358,-0.0129310344827586));
#1463=CARTESIAN_POINT('',(-0.336734693877551,0.0265097628267255,-0.0107758620689655));
#1464=CARTESIAN_POINT('',(-0.336734693877551,0.0268021499167261,-0.00862068965517242));
#1465=CARTESIAN_POINT('',(-0.336734693877551,0.0270295620978377,-0.00646551724137931));
#1466=CARTESIAN_POINT('',(-0.336734693877551,0.0271919993700603,-0.00431034482758621));
#1467=CARTESIAN_POINT('',(-0.336734693877551,0.0272894617333939,-0.0021551724137931));
#1468=CARTESIAN_POINT('',(-0.336734693877551,0.0273219491878384,0.));
#1469=CARTESIAN_POINT('',(-0.336734693877551,0.0273219491878384,0.00666666666666667));
#1470=CARTESIAN_POINT('',(-0.336734693877551,0.0273219491878384,0.0133333333333333));
#1471=CARTESIAN_POINT('',(-0.336734693877551,0.0273219491878384,0.02));
#1472=CARTESIAN_POINT('',(-0.357142857142857,0.,-0.0625));
#1473=CARTESIAN_POINT('',(-0.357142857142857,0.00165983159018661,-0.0603448275862069));
#1474=CARTESIAN_POINT('',(-0.357142857142857,0.00326142347545439,-0.0581896551724138));
#1475=CARTESIAN_POINT('',(-0.357142857142857,0.00480477565580334,-0.0560344827586207));
#1476=CARTESIAN_POINT('',(-0.357142857142857,0.00628988813123347,-0.0538793103448276));
#1477=CARTESIAN_POINT('',(-0.357142857142857,0.00771676090174477,-0.0517241379310345));
#1478=CARTESIAN_POINT('',(-0.357142857142857,0.00908539396733723,-0.0495689655172414));
#1479=CARTESIAN_POINT('',(-0.357142857142857,0.0103957873280109,-0.0474137931034483));
#1480=CARTESIAN_POINT('',(-0.357142857142857,0.0116479409837657,-0.0452586206896552));
#1481=CARTESIAN_POINT('',(-0.357142857142857,0.0128418549346017,-0.0431034482758621));
#1482=CARTESIAN_POINT('',(-0.357142857142857,0.0139775291805188,-0.040948275862069));
#1483=CARTESIAN_POINT('',(-0.357142857142857,0.0150549637215171,-0.0387931034482759));
#1484=CARTESIAN_POINT('',(-0.357142857142857,0.0160741585575966,-0.0366379310344828));
#1485=CARTESIAN_POINT('',(-0.357142857142857,0.0170351136887573,-0.0344827586206897));
#1486=CARTESIAN_POINT('',(-0.357142857142857,0.0179378291149992,-0.0323275862068965));
#1487=CARTESIAN_POINT('',(-0.357142857142857,0.0187823048363222,-0.0301724137931034));
#1488=CARTESIAN_POINT('',(-0.357142857142857,0.0195685408527263,-0.0280172413793103));
#1489=CARTESIAN_POINT('',(-0.357142857142857,0.0202965371642117,-0.0258620689655172));
#1490=CARTESIAN_POINT('',(-0.357142857142857,0.0209662937707782,-0.0237068965517241));
#1491=CARTESIAN_POINT('',(-0.357142857142857,0.0215778106724259,-0.021551724137931));
#1492=CARTESIAN_POINT('',(-0.357142857142857,0.0221310878691548,-0.0193965517241379));
#1493=CARTESIAN_POINT('',(-0.357142857142857,0.0226261253609648,-0.0172413793103448));
#1494=CARTESIAN_POINT('',(-0.357142857142857,0.0230629231478561,-0.0150862068965517));
#1495=CARTESIAN_POINT('',(-0.357142857142857,0.0234414812298284,-0.0129310344827586));
#1496=CARTESIAN_POINT('',(-0.357142857142857,0.023761799606882,-0.0107758620689655));
#1497=CARTESIAN_POINT('',(-0.357142857142857,0.0240238782790167,-0.00862068965517242));
#1498=CARTESIAN_POINT('',(-0.357142857142857,0.0242277172462326,-0.00646551724137931));
#1499=CARTESIAN_POINT('',(-0.357142857142857,0.0243733165085297,-0.00431034482758621));
#1500=CARTESIAN_POINT('',(-0.357142857142857,0.0244606760659079,-0.0021551724137931));
#1501=CARTESIAN_POINT('',(-0.357142857142857,0.0244897959183673,0.));
#1502=CARTESIAN_POINT('',(-0.357142857142857,0.0244897959183673,0.00666666666666667));
#1503=CARTESIAN_POINT('',(-0.357142857142857,0.0244897959183674,0.0133333333333333));
#1504=CARTESIAN_POINT('',(-0.357142857142857,0.0244897959183673,0.02));
#1505=CARTESIAN_POINT('',(-0.377551020408163,0.,-0.0625));
#1506=CARTESIAN_POINT('',(-0.377551020408163,0.00145658690567396,-0.0603448275862069));
#1507=CARTESIAN_POINT('',(-0.377551020408163,0.00286206549886814,-0.0581896551724138));
#1508=CARTESIAN_POINT('',(-0.377551020408163,0.00421643577958253,-0.0560344827586207));
#1509=CARTESIAN_POINT('',(-0.377551020408163,0.00551969774781713,-0.0538793103448276));
#1510=CARTESIAN_POINT('',(-0.377551020408163,0.00677185140357194,-0.0517241379310345));
#1511=CARTESIAN_POINT('',(-0.377551020408163,0.00797289674684696,-0.0495689655172414));
#1512=CARTESIAN_POINT('',(-0.377551020408163,0.0091228337776422,-0.0474137931034483));
#1513=CARTESIAN_POINT('',(-0.377551020408163,0.0102216624959576,-0.0452586206896552));
#1514=CARTESIAN_POINT('',(-0.377551020408163,0.0112693829017933,-0.0431034482758621));
#1515=CARTESIAN_POINT('',(-0.377551020408163,0.0122659949951492,-0.040948275862069));
#1516=CARTESIAN_POINT('',(-0.377551020408163,0.0132114987760253,-0.0387931034482759));
#1517=CARTESIAN_POINT('',(-0.377551020408163,0.0141058942444215,-0.0366379310344828));
#1518=CARTESIAN_POINT('',(-0.377551020408163,0.0149491814003381,-0.0344827586206897));
#1519=CARTESIAN_POINT('',(-0.377551020408163,0.0157413602437748,-0.0323275862068965));
#1520=CARTESIAN_POINT('',(-0.377551020408163,0.0164824307747317,-0.0301724137931034));
#1521=CARTESIAN_POINT('',(-0.377551020408163,0.0171723929932088,-0.0280172413793103));
#1522=CARTESIAN_POINT('',(-0.377551020408163,0.0178112468992062,-0.0258620689655172));
#1523=CARTESIAN_POINT('',(-0.377551020408163,0.0183989924927238,-0.0237068965517241));
#1524=CARTESIAN_POINT('',(-0.377551020408163,0.0189356297737615,-0.021551724137931));
#1525=CARTESIAN_POINT('',(-0.377551020408163,0.0194211587423195,-0.0193965517241379));
#1526=CARTESIAN_POINT('',(-0.377551020408163,0.0198555793983977,-0.0172413793103448));
#1527=CARTESIAN_POINT('',(-0.377551020408163,0.0202388917419961,-0.0150862068965517));
#1528=CARTESIAN_POINT('',(-0.377551020408163,0.0205710957731148,-0.0129310344827586));
#1529=CARTESIAN_POINT('',(-0.377551020408163,0.0208521914917536,-0.0107758620689655));
#1530=CARTESIAN_POINT('',(-0.377551020408163,0.0210821788979126,-0.00862068965517242));
#1531=CARTESIAN_POINT('',(-0.377551020408163,0.0212610579915919,-0.00646551724137931));
#1532=CARTESIAN_POINT('',(-0.377551020408163,0.0213888287727914,-0.00431034482758621));
#1533=CARTESIAN_POINT('',(-0.377551020408163,0.021465491241511,-0.0021551724137931));
#1534=CARTESIAN_POINT('',(-0.377551020408163,0.0214910453977509,0.));
#1535=CARTESIAN_POINT('',(-0.377551020408163,0.0214910453977509,0.00666666666666667));
#1536=CARTESIAN_POINT('',(-0.377551020408163,0.0214910453977509,0.0133333333333333));
#1537=CARTESIAN_POINT('',(-0.377551020408163,0.0214910453977509,0.02));
#1538=CARTESIAN_POINT('',(-0.397959183673469,0.,-0.0625));
#1539=CARTESIAN_POINT('',(-0.397959183673469,0.0012420508497995,-0.0603448275862069));
#1540=CARTESIAN_POINT('',(-0.397959183673469,0.0024405209680271,-0.0581896551724138));
#1541=CARTESIAN_POINT('',(-0.397959183673469,0.00359541035468277,-0.0560344827586207));
#1542=CARTESIAN_POINT('',(-0.397959183673469,0.00470671900976654,-0.0538793103448276));
#1543=CARTESIAN_POINT('',(-0.397959183673469,0.0057744469332784,-0.0517241379310345));
#1544=CARTESIAN_POINT('',(-0.397959183673469,0.00679859412521834,-0.0495689655172414));
#1545=CARTESIAN_POINT('',(-0.397959183673469,0.00777916058558637,-0.0474137931034483));
#1546=CARTESIAN_POINT('',(-0.397959183673469,0.00871614631438248,-0.0452586206896552));
#1547=CARTESIAN_POINT('',(-0.397959183673469,0.00960955131160669,-0.0431034482758621));
#1548=CARTESIAN_POINT('',(-0.397959183673469,0.010459375577259,-0.040948275862069));
#1549=CARTESIAN_POINT('',(-0.397959183673469,0.0112656191113394,-0.0387931034482759));
#1550=CARTESIAN_POINT('',(-0.397959183673469,0.0120282819138478,-0.0366379310344828));
#1551=CARTESIAN_POINT('',(-0.397959183673469,0.0127473639847844,-0.0344827586206897));
#1552=CARTESIAN_POINT('',(-0.397959183673469,0.013422865324149,-0.0323275862068965));
#1553=CARTESIAN_POINT('',(-0.397959183673469,0.0140547859319418,-0.0301724137931034));
#1554=CARTESIAN_POINT('',(-0.397959183673469,0.0146431258081626,-0.0280172413793103));
#1555=CARTESIAN_POINT('',(-0.397959183673469,0.0151878849528115,-0.0258620689655172));
#1556=CARTESIAN_POINT('',(-0.397959183673469,0.0156890633658885,-0.0237068965517241));
#1557=CARTESIAN_POINT('',(-0.397959183673469,0.0161466610473936,-0.021551724137931));
#1558=CARTESIAN_POINT('',(-0.397959183673469,0.0165606779973267,-0.0193965517241379));
#1559=CARTESIAN_POINT('',(-0.397959183673469,0.016931114215688,-0.0172413793103448));
#1560=CARTESIAN_POINT('',(-0.397959183673469,0.0172579697024773,-0.0150862068965517));
#1561=CARTESIAN_POINT('',(-0.397959183673469,0.0175412444576948,-0.0129310344827586));
#1562=CARTESIAN_POINT('',(-0.397959183673469,0.0177809384813403,-0.0107758620689655));
#1563=CARTESIAN_POINT('',(-0.397959183673469,0.0179770517734139,-0.00862068965517242));
#1564=CARTESIAN_POINT('',(-0.397959183673469,0.0181295843339156,-0.00646551724137931));
#1565=CARTESIAN_POINT('',(-0.397959183673469,0.0182385361628454,-0.00431034482758621));
#1566=CARTESIAN_POINT('',(-0.397959183673469,0.0183039072602032,-0.0021551724137931));
#1567=CARTESIAN_POINT('',(-0.397959183673469,0.0183256976259892,0.));
#1568=CARTESIAN_POINT('',(-0.39795918367347,0.0183256976259892,0.00666666666666667));
#1569=CARTESIAN_POINT('',(-0.397959183673469,0.0183256976259892,0.0133333333333333));
#1570=CARTESIAN_POINT('',(-0.397959183673469,0.0183256976259892,0.02));
#1571=CARTESIAN_POINT('',(-0.418367346938776,0.,-0.0625));
#1572=CARTESIAN_POINT('',(-0.418367346938776,0.00101622342256323,-0.0603448275862069));
#1573=CARTESIAN_POINT('',(-0.418367346938776,0.00199678988293126,-0.0581896551724138));
#1574=CARTESIAN_POINT('',(-0.418367346938776,0.00294169938110409,-0.0560344827586207));
#1575=CARTESIAN_POINT('',(-0.418367346938776,0.00385095191708172,-0.0538793103448276));
#1576=CARTESIAN_POINT('',(-0.418367346938776,0.00472454749086414,-0.0517241379310345));
#1577=CARTESIAN_POINT('',(-0.418367346938776,0.00556248610245136,-0.0495689655172414));
#1578=CARTESIAN_POINT('',(-0.418367346938776,0.00636476775184339,-0.0474137931034483));
#1579=CARTESIAN_POINT('',(-0.418367346938776,0.00713139243904021,-0.0452586206896552));
#1580=CARTESIAN_POINT('',(-0.418367346938776,0.00786236016404183,-0.0431034482758621));
#1581=CARTESIAN_POINT('',(-0.418367346938776,0.00855767092684825,-0.040948275862069));
#1582=CARTESIAN_POINT('',(-0.418367346938776,0.00921732472745947,-0.0387931034482759));
#1583=CARTESIAN_POINT('',(-0.418367346938776,0.00984132156587549,-0.0366379310344828));
#1584=CARTESIAN_POINT('',(-0.418367346938776,0.0104296614420963,-0.0344827586206897));
#1585=CARTESIAN_POINT('',(-0.418367346938776,0.0109823443561219,-0.0323275862068965));
#1586=CARTESIAN_POINT('',(-0.418367346938776,0.0114993703079523,-0.0301724137931034));
#1587=CARTESIAN_POINT('',(-0.418367346938776,0.0119807392975876,-0.0280172413793103));
#1588=CARTESIAN_POINT('',(-0.418367346938776,0.0124264513250276,-0.0258620689655172));
#1589=CARTESIAN_POINT('',(-0.418367346938776,0.0128365063902724,-0.0237068965517241));
#1590=CARTESIAN_POINT('',(-0.418367346938776,0.013210904493322,-0.021551724137931));
#1591=CARTESIAN_POINT('',(-0.418367346938776,0.0135496456341764,-0.0193965517241379));
#1592=CARTESIAN_POINT('',(-0.418367346938776,0.0138527298128356,-0.0172413793103448));
#1593=CARTESIAN_POINT('',(-0.418367346938776,0.0141201570292996,-0.0150862068965517));
#1594=CARTESIAN_POINT('',(-0.418367346938776,0.0143519272835684,-0.0129310344827586));
#1595=CARTESIAN_POINT('',(-0.418367346938776,0.014548040575642,-0.0107758620689655));
#1596=CARTESIAN_POINT('',(-0.418367346938776,0.0147084969055204,-0.00862068965517242));
#1597=CARTESIAN_POINT('',(-0.418367346938776,0.0148332962732036,-0.00646551724137931));
#1598=CARTESIAN_POINT('',(-0.418367346938776,0.0149224386786916,-0.00431034482758621));
#1599=CARTESIAN_POINT('',(-0.418367346938776,0.0149759241219844,-0.0021551724137931));
#1600=CARTESIAN_POINT('',(-0.418367346938776,0.014993752603082,0.));
#1601=CARTESIAN_POINT('',(-0.418367346938776,0.014993752603082,0.00666666666666667));
#1602=CARTESIAN_POINT('',(-0.418367346938775,0.014993752603082,0.0133333333333333));
#1603=CARTESIAN_POINT('',(-0.418367346938776,0.014993752603082,0.02));
#1604=CARTESIAN_POINT('',(-0.438775510204082,0.,-0.0625));
#1605=CARTESIAN_POINT('',(-0.438775510204082,0.000779104623965142,-0.0603448275862069));
#1606=CARTESIAN_POINT('',(-0.438775510204082,0.00153087224358063,-0.0581896551724138));
#1607=CARTESIAN_POINT('',(-0.438775510204082,0.00225530285884647,-0.0560344827586207));
#1608=CARTESIAN_POINT('',(-0.438775510204082,0.00295239646976265,-0.0538793103448276));
#1609=CARTESIAN_POINT('',(-0.438775510204082,0.00362215307632918,-0.0517241379310345));
#1610=CARTESIAN_POINT('',(-0.438775510204082,0.00426457267854605,-0.0495689655172414));
#1611=CARTESIAN_POINT('',(-0.438775510204082,0.00487965527641327,-0.0474137931034483));
#1612=CARTESIAN_POINT('',(-0.438775510204082,0.00546740086993083,-0.0452586206896552));
#1613=CARTESIAN_POINT('',(-0.438775510204082,0.00602780945909874,-0.0431034482758621));
#1614=CARTESIAN_POINT('',(-0.438775510204082,0.006560881043917,-0.040948275862069));
#1615=CARTESIAN_POINT('',(-0.438775510204082,0.0070666156243856,-0.0387931034482759));
#1616=CARTESIAN_POINT('',(-0.438775510204082,0.00754501320050455,-0.0366379310344828));
#1617=CARTESIAN_POINT('',(-0.438775510204082,0.00799607377227384,-0.0344827586206897));
#1618=CARTESIAN_POINT('',(-0.438775510204082,0.00841979733969348,-0.0323275862068965));
#1619=CARTESIAN_POINT('',(-0.438775510204082,0.00881618390276347,-0.0301724137931034));
#1620=CARTESIAN_POINT('',(-0.438775510204082,0.0091852334614838,-0.0280172413793103));
#1621=CARTESIAN_POINT('',(-0.438775510204082,0.00952694601585448,-0.0258620689655172));
#1622=CARTESIAN_POINT('',(-0.438775510204082,0.0098413215658755,-0.0237068965517241));
#1623=CARTESIAN_POINT('',(-0.438775510204082,0.0101283601115469,-0.021551724137931));
#1624=CARTESIAN_POINT('',(-0.438775510204082,0.0103880616528686,-0.0193965517241379));
#1625=CARTESIAN_POINT('',(-0.438775510204082,0.0106204261898406,-0.0172413793103448));
#1626=CARTESIAN_POINT('',(-0.438775510204082,0.010825453722463,-0.0150862068965517));
#1627=CARTESIAN_POINT('',(-0.438775510204082,0.0110031442507358,-0.0129310344827586));
#1628=CARTESIAN_POINT('',(-0.438775510204082,0.0111534977746589,-0.0107758620689655));
#1629=CARTESIAN_POINT('',(-0.438775510204082,0.0112765142942323,-0.00862068965517242));
#1630=CARTESIAN_POINT('',(-0.438775510204082,0.0113721938094561,-0.00646551724137931));
#1631=CARTESIAN_POINT('',(-0.438775510204082,0.0114405363203303,-0.00431034482758621));
#1632=CARTESIAN_POINT('',(-0.438775510204082,0.0114815418268547,-0.0021551724137931));
#1633=CARTESIAN_POINT('',(-0.438775510204082,0.0114952103290296,0.));
#1634=CARTESIAN_POINT('',(-0.438775510204082,0.0114952103290296,0.00666666666666667));
#1635=CARTESIAN_POINT('',(-0.438775510204081,0.0114952103290296,0.0133333333333333));
#1636=CARTESIAN_POINT('',(-0.438775510204082,0.0114952103290296,0.02));
#1637=CARTESIAN_POINT('',(-0.459183673469388,0.,-0.0625));
#1638=CARTESIAN_POINT('',(-0.459183673469388,0.000530694454005241,-0.0603448275862069));
#1639=CARTESIAN_POINT('',(-0.459183673469388,0.00104276804997521,-0.0581896551724138));
#1640=CARTESIAN_POINT('',(-0.459183673469388,0.00153622078790991,-0.0560344827586207));
#1641=CARTESIAN_POINT('',(-0.459183673469388,0.00201105266780934,-0.0538793103448276));
#1642=CARTESIAN_POINT('',(-0.459183673469388,0.0024672636896735,-0.0517241379310345));
#1643=CARTESIAN_POINT('',(-0.459183673469388,0.00290485385350238,-0.0495689655172414));
#1644=CARTESIAN_POINT('',(-0.459183673469388,0.00332382315929599,-0.0474137931034483));
#1645=CARTESIAN_POINT('',(-0.459183673469388,0.00372417160705433,-0.0452586206896552));
#1646=CARTESIAN_POINT('',(-0.459183673469388,0.0041058991967774,-0.0431034482758621));
#1647=CARTESIAN_POINT('',(-0.459183673469388,0.0044690059284652,-0.040948275862069));
#1648=CARTESIAN_POINT('',(-0.459183673469388,0.00481349180211773,-0.0387931034482759));
#1649=CARTESIAN_POINT('',(-0.459183673469388,0.00513935681773498,-0.0366379310344828));
#1650=CARTESIAN_POINT('',(-0.459183673469388,0.00544660097531696,-0.0344827586206897));
#1651=CARTESIAN_POINT('',(-0.459183673469388,0.00573522427486367,-0.0323275862068965));
#1652=CARTESIAN_POINT('',(-0.459183673469388,0.00600522671637511,-0.0301724137931034));
#1653=CARTESIAN_POINT('',(-0.459183673469388,0.00625660829985128,-0.0280172413793103));
#1654=CARTESIAN_POINT('',(-0.459183673469388,0.00648936902529217,-0.0258620689655172));
#1655=CARTESIAN_POINT('',(-0.459183673469388,0.0067035088926978,-0.0237068965517241));
#1656=CARTESIAN_POINT('',(-0.459183673469388,0.00689902790206815,-0.021551724137931));
#1657=CARTESIAN_POINT('',(-0.459183673469388,0.00707592605340323,-0.0193965517241379));
#1658=CARTESIAN_POINT('',(-0.459183673469388,0.00723420334670304,-0.0172413793103448));
#1659=CARTESIAN_POINT('',(-0.459183673469388,0.00737385978196758,-0.0150862068965517));
#1660=CARTESIAN_POINT('',(-0.459183673469388,0.00749489535919685,-0.0129310344827586));
#1661=CARTESIAN_POINT('',(-0.459183673469388,0.00759731007839084,-0.0107758620689655));
#1662=CARTESIAN_POINT('',(-0.459183673469388,0.00768110393954956,-0.00862068965517242));
#1663=CARTESIAN_POINT('',(-0.459183673469388,0.00774627694267301,-0.00646551724137931));
#1664=CARTESIAN_POINT('',(-0.459183673469388,0.00779282908776119,-0.00431034482758621));
#1665=CARTESIAN_POINT('',(-0.459183673469388,0.0078207603748141,-0.0021551724137931));
#1666=CARTESIAN_POINT('',(-0.459183673469388,0.00783007080383174,0.));
#1667=CARTESIAN_POINT('',(-0.459183673469388,0.00783007080383174,0.00666666666666667));
#1668=CARTESIAN_POINT('',(-0.459183673469387,0.00783007080383173,0.0133333333333333));
#1669=CARTESIAN_POINT('',(-0.459183673469388,0.00783007080383174,0.02));
#1670=CARTESIAN_POINT('',(-0.479591836734694,0.,-0.0625));
#1671=CARTESIAN_POINT('',(-0.479591836734694,0.000270992912683528,-0.0603448275862069));
#1672=CARTESIAN_POINT('',(-0.479591836734694,0.000532477302115003,-0.0581896551724138));
#1673=CARTESIAN_POINT('',(-0.479591836734694,0.000784453168294424,-0.0560344827586207));
#1674=CARTESIAN_POINT('',(-0.479591836734694,0.00102692051122179,-0.0538793103448276));
#1675=CARTESIAN_POINT('',(-0.479591836734694,0.0012598793308971,-0.0517241379310345));
#1676=CARTESIAN_POINT('',(-0.479591836734694,0.00148332962732036,-0.0495689655172414));
#1677=CARTESIAN_POINT('',(-0.479591836734694,0.00169727140049157,-0.0474137931034483));
#1678=CARTESIAN_POINT('',(-0.479591836734694,0.00190170465041072,-0.0452586206896552));
#1679=CARTESIAN_POINT('',(-0.479591836734694,0.00209662937707782,-0.0431034482758621));
#1680=CARTESIAN_POINT('',(-0.479591836734694,0.00228204558049287,-0.040948275862069));
#1681=CARTESIAN_POINT('',(-0.479591836734694,0.00245795326065586,-0.0387931034482759));
#1682=CARTESIAN_POINT('',(-0.479591836734694,0.0026243524175668,-0.0366379310344828));
#1683=CARTESIAN_POINT('',(-0.479591836734694,0.00278124305122568,-0.0344827586206897));
#1684=CARTESIAN_POINT('',(-0.479591836734694,0.00292862516163252,-0.0323275862068965));
#1685=CARTESIAN_POINT('',(-0.479591836734694,0.00306649874878729,-0.0301724137931034));
#1686=CARTESIAN_POINT('',(-0.479591836734694,0.00319486381269002,-0.0280172413793103));
#1687=CARTESIAN_POINT('',(-0.479591836734694,0.00331372035334069,-0.0258620689655172));
#1688=CARTESIAN_POINT('',(-0.479591836734694,0.0034230683707393,-0.0237068965517241));
#1689=CARTESIAN_POINT('',(-0.479591836734694,0.00352290786488587,-0.021551724137931));
#1690=CARTESIAN_POINT('',(-0.479591836734694,0.00361323883578038,-0.0193965517241379));
#1691=CARTESIAN_POINT('',(-0.479591836734694,0.00369406128342283,-0.0172413793103448));
#1692=CARTESIAN_POINT('',(-0.479591836734694,0.00376537520781323,-0.0150862068965517));
#1693=CARTESIAN_POINT('',(-0.479591836734694,0.00382718060895158,-0.0129310344827586));
#1694=CARTESIAN_POINT('',(-0.479591836734694,0.00387947748683788,-0.0107758620689655));
#1695=CARTESIAN_POINT('',(-0.479591836734694,0.00392226584147212,-0.00862068965517242));
#1696=CARTESIAN_POINT('',(-0.479591836734694,0.00395554567285431,-0.00646551724137931));
#1697=CARTESIAN_POINT('',(-0.479591836734694,0.00397931698098444,-0.00431034482758621));
#1698=CARTESIAN_POINT('',(-0.479591836734694,0.00399357976586252,-0.0021551724137931));
#1699=CARTESIAN_POINT('',(-0.479591836734694,0.00399833402748855,0.));
#1700=CARTESIAN_POINT('',(-0.479591836734694,0.00399833402748855,0.00666666666666667));
#1701=CARTESIAN_POINT('',(-0.479591836734694,0.00399833402748855,0.0133333333333333));
#1702=CARTESIAN_POINT('',(-0.479591836734694,0.00399833402748855,0.02));
#1703=CARTESIAN_POINT('',(-0.5,0.,-0.0625));
#1704=CARTESIAN_POINT('',(-0.5,0.,-0.0603448275862069));
#1705=CARTESIAN_POINT('',(-0.5,0.,-0.0581896551724138));
#1706=CARTESIAN_POINT('',(-0.5,0.,-0.0560344827586207));
#1707=CARTESIAN_POINT('',(-0.5,0.,-0.0538793103448276));
#1708=CARTESIAN_POINT('',(-0.5,0.,-0.0517241379310345));
#1709=CARTESIAN_POINT('',(-0.5,0.,-0.0495689655172414));
#1710=CARTESIAN_POINT('',(-0.5,0.,-0.0474137931034483));
#1711=CARTESIAN_POINT('',(-0.5,0.,-0.0452586206896552));
#1712=CARTESIAN_POINT('',(-0.5,0.,-0.0431034482758621));
#1713=CARTESIAN_POINT('',(-0.5,0.,-0.040948275862069));
#1714=CARTESIAN_POINT('',(-0.5,0.,-0.0387931034482759));
#1715=CARTESIAN_POINT('',(-0.5,0.,-0.0366379310344828));
#1716=CARTESIAN_POINT('',(-0.5,0.,-0.0344827586206897));
#1717=CARTESIAN_POINT('',(-0.5,0.,-0.0323275862068965));
#1718=CARTESIAN_POINT('',(-0.5,0.,-0.0301724137931034));
#1719=CARTESIAN_POINT('',(-0.5,0.,-0.0280172413793103));
#1720=CARTESIAN_POINT('',(-0.5,0.,-0.0258620689655172));
#1721=CARTESIAN_POINT('',(-0.5,0.,-0.0237068965517241));
#1722=CARTESIAN_POINT('',(-0.5,0.,-0.021551724137931));
#1723=CARTESIAN_POINT('',(-0.5,0.,-0.0193965517241379));
#1724=CARTESIAN_POINT('',(-0.5,0.,-0.0172413793103448));
#1725=CARTESIAN_POINT('',(-0.5,0.,-0.0150862068965517));
#1726=CARTESIAN_POINT('',(-0.5,0.,-0.0129310344827586));
#1727=CARTESIAN_POINT('',(-0.5,0.,-0.0107758620689655));
#1728=CARTESIAN_POINT('',(-0.5,0.,-0.00862068965517242));
#1729=CARTESIAN_POINT('',(-0.5,0.,-0.00646551724137931));
#1730=CARTESIAN_POINT('',(-0.5,0.,-0.00431034482758621));
#1731=CARTESIAN_POINT('',(-0.5,0.,-0.0021551724137931));
#1732=CARTESIAN_POINT('',(-0.5,0.,0.));
#1733=CARTESIAN_POINT('',(-0.5,0.,0.00666666666666667));
#1734=CARTESIAN_POINT('',(-0.5,0.,0.0133333333333333));
#1735=CARTESIAN_POINT('',(-0.5,0.,0.02));
#1736=CARTESIAN_POINT('',(-0.5,0.,0.02));
#1737=CARTESIAN_POINT('',(0.5,0.,0.02));
#1738=CARTESIAN_POINT('',(-0.5,0.,-0.0625));
#1739=CARTESIAN_POINT('',(0.5,0.,-0.0625));
#1740=CARTESIAN_POINT('',(-0.5,0.,-0.0625));
#1741=CARTESIAN_POINT('',(-0.5,0.,-0.0603448275862069));
#1742=CARTESIAN_POINT('',(-0.5,0.,-0.0581896551724138));
#1743=CARTESIAN_POINT('',(-0.5,0.,-0.0560344827586207));
#1744=CARTESIAN_POINT('',(-0.5,0.,-0.0538793103448276));
#1745=CARTESIAN_POINT('',(-0.5,0.,-0.0517241379310345));
#1746=CARTESIAN_POINT('',(-0.5,0.,-0.0495689655172414));
#1747=CARTESIAN_POINT('',(-0.5,0.,-0.0474137931034483));
#1748=CARTESIAN_POINT('',(-0.5,0.,-0.0452586206896552));
#1749=CARTESIAN_POINT('',(-0.5,0.,-0.0431034482758621));
#1750=CARTESIAN_POINT('',(-0.5,0.,-0.040948275862069));
#1751=CARTESIAN_POINT('',(-0.5,0.,-0.0387931034482759));
#1752=CARTESIAN_POINT('',(-0.5,0.,-0.0366379310344828));
#1753=CARTESIAN_POINT('',(-0.5,0.,-0.0344827586206897));
#1754=CARTESIAN_POINT('',(-0.5,0.,-0.0323275862068965));
#1755=CARTESIAN_POINT('',(-0.5,0.,-0.0301724137931034));
#1756=CARTESIAN_POINT('',(-0.5,0.,-0.0280172413793103));
#1757=CARTESIAN_POINT('',(-0.5,0.,-0.0258620689655172));
#1758=CARTESIAN_POINT('',(-0.5,0.,-0.0237068965517241));
#1759=CARTESIAN_POINT('',(-0.5,0.,-0.021551724137931));
#1760=CARTESIAN_POINT('',(-0.5,0.,-0.0193965517241379));
#1761=CARTESIAN_POINT('',(-0.5,0.,-0.0172413793103448));
#1762=CARTESIAN_POINT('',(-0.5,0.,-0.0150862068965517));
#1763=CARTESIAN_POINT('',(-0.5,0.,-0.0129310344827586));
#1764=CARTESIAN_POINT('',(-0.5,0.,-0.0107758620689655));
#1765=CARTESIAN_POINT('',(-0.5,0.,-0.00862068965517242));
#1766=CARTESIAN_POINT('',(-0.5,0.,-0.00646551724137931));
#1767=CARTESIAN_POINT('',(-0.5,0.,-0.00431034482758621));
#1768=CARTESIAN_POINT('',(-0.5,0.,-0.0021551724137931));
#1769=CARTESIAN_POINT('',(-0.5,0.,-0.00164685531739015));
#1770=CARTESIAN_POINT('',(-0.5,0.,-0.00136282618374374));
#1771=CARTESIAN_POINT('',(-0.5,0.,0.000477579706002331));
#1772=CARTESIAN_POINT('',(-0.5,0.,0.00666666666666667));
#1773=CARTESIAN_POINT('',(-0.5,0.,0.0133333333333333));
#1774=CARTESIAN_POINT('',(-0.5,0.,0.02));
#1775=CARTESIAN_POINT('',(0.,-0.0833379924632943));
#1776=CARTESIAN_POINT('',(0.,0.));
#1777=CARTESIAN_POINT('',(0.,0.02));
#1778=CARTESIAN_POINT('',(-0.5,0.,0.02));
#1779=CARTESIAN_POINT('',(-0.479591836734694,0.00399833402748855,0.02));
#1780=CARTESIAN_POINT('',(-0.459183673469388,0.00783007080383174,0.02));
#1781=CARTESIAN_POINT('',(-0.438775510204082,0.0114952103290296,0.02));
#1782=CARTESIAN_POINT('',(-0.418367346938776,0.014993752603082,0.02));
#1783=CARTESIAN_POINT('',(-0.397959183673469,0.0183256976259892,0.02));
#1784=CARTESIAN_POINT('',(-0.377551020408163,0.0214910453977509,0.02));
#1785=CARTESIAN_POINT('',(-0.357142857142857,0.0244897959183673,0.02));
#1786=CARTESIAN_POINT('',(-0.336734693877551,0.0273219491878384,0.02));
#1787=CARTESIAN_POINT('',(-0.316326530612245,0.0299875052061641,0.02));
#1788=CARTESIAN_POINT('',(-0.295918367346939,0.0324864639733444,0.02));
#1789=CARTESIAN_POINT('',(-0.275510204081633,0.0348188254893794,0.02));
#1790=CARTESIAN_POINT('',(-0.255102040816326,0.0369845897542691,0.02));
#1791=CARTESIAN_POINT('',(-0.23469387755102,0.0389837567680133,0.02));
#1792=CARTESIAN_POINT('',(-0.214285714285714,0.0408163265306122,0.02));
#1793=CARTESIAN_POINT('',(-0.193877551020408,0.0424822990420658,0.02));
#1794=CARTESIAN_POINT('',(-0.173469387755102,0.043981674302374,0.02));
#1795=CARTESIAN_POINT('',(-0.153061224489796,0.0453144523115369,0.02));
#1796=CARTESIAN_POINT('',(-0.13265306122449,0.0464806330695544,0.02));
#1797=CARTESIAN_POINT('',(-0.112244897959184,0.0474802165764265,0.02));
#1798=CARTESIAN_POINT('',(-0.0918367346938775,0.0483132028321533,0.02));
#1799=CARTESIAN_POINT('',(-0.0714285714285714,0.0489795918367347,0.02));
#1800=CARTESIAN_POINT('',(-0.0510204081632653,0.0494793835901708,0.02));
#1801=CARTESIAN_POINT('',(-0.0306122448979591,0.0498125780924615,0.02));
#1802=CARTESIAN_POINT('',(-0.0102040816326531,0.0499791753436068,0.02));
#1803=CARTESIAN_POINT('',(0.0102040816326531,0.0499791753436068,0.02));
#1804=CARTESIAN_POINT('',(0.0306122448979592,0.0498125780924615,0.02));
#1805=CARTESIAN_POINT('',(0.0510204081632653,0.0494793835901708,0.02));
#1806=CARTESIAN_POINT('',(0.0714285714285714,0.0489795918367347,0.02));
#1807=CARTESIAN_POINT('',(0.0918367346938775,0.0483132028321533,0.02));
#1808=CARTESIAN_POINT('',(0.112244897959184,0.0474802165764265,0.02));
#1809=CARTESIAN_POINT('',(0.13265306122449,0.0464806330695544,0.02));
#1810=CARTESIAN_POINT('',(0.153061224489796,0.0453144523115369,0.02));
#1811=CARTESIAN_POINT('',(0.173469387755102,0.043981674302374,0.02));
#1812=CARTESIAN_POINT('',(0.193877551020408,0.0424822990420658,0.02));
#1813=CARTESIAN_POINT('',(0.214285714285714,0.0408163265306122,0.02));
#1814=CARTESIAN_POINT('',(0.23469387755102,0.0389837567680133,0.02));
#1815=CARTESIAN_POINT('',(0.255102040816326,0.0369845897542691,0.02));
#1816=CARTESIAN_POINT('',(0.275510204081633,0.0348188254893794,0.02));
#1817=CARTESIAN_POINT('',(0.295918367346939,0.0324864639733444,0.02));
#1818=CARTESIAN_POINT('',(0.316326530612245,0.0299875052061641,0.02));
#1819=CARTESIAN_POINT('',(0.336734693877551,0.0273219491878384,0.02));
#1820=CARTESIAN_POINT('',(0.357142857142857,0.0244897959183674,0.02));
#1821=CARTESIAN_POINT('',(0.377551020408163,0.0214910453977509,0.02));
#1822=CARTESIAN_POINT('',(0.397959183673469,0.0183256976259892,0.02));
#1823=CARTESIAN_POINT('',(0.418367346938776,0.014993752603082,0.02));
#1824=CARTESIAN_POINT('',(0.438775510204082,0.0114952103290296,0.02));
#1825=CARTESIAN_POINT('',(0.459183673469388,0.00783007080383175,0.02));
#1826=CARTESIAN_POINT('',(0.479591836734694,0.00399833402748855,0.02));
#1827=CARTESIAN_POINT('',(0.5,0.,0.02));
#1828=CARTESIAN_POINT('',(0.,0.02));
#1829=CARTESIAN_POINT('',(-1.00662450451695,0.02));
#1830=CARTESIAN_POINT('',(0.5,0.,0.02));
#1831=CARTESIAN_POINT('',(0.5,0.,0.0133333333333333));
#1832=CARTESIAN_POINT('',(0.5,0.,0.00666666666666667));
#1833=CARTESIAN_POINT('',(0.5,0.,0.000477579706002331));
#1834=CARTESIAN_POINT('',(0.5,0.,-0.00136282618374374));
#1835=CARTESIAN_POINT('',(0.5,0.,-0.00164685531739015));
#1836=CARTESIAN_POINT('',(0.5,0.,-0.0021551724137931));
#1837=CARTESIAN_POINT('',(0.5,0.,-0.00431034482758621));
#1838=CARTESIAN_POINT('',(0.5,0.,-0.00646551724137931));
#1839=CARTESIAN_POINT('',(0.5,0.,-0.00862068965517242));
#1840=CARTESIAN_POINT('',(0.5,0.,-0.0107758620689655));
#1841=CARTESIAN_POINT('',(0.5,0.,-0.0129310344827586));
#1842=CARTESIAN_POINT('',(0.5,0.,-0.0150862068965517));
#1843=CARTESIAN_POINT('',(0.5,0.,-0.0172413793103448));
#1844=CARTESIAN_POINT('',(0.5,0.,-0.0193965517241379));
#1845=CARTESIAN_POINT('',(0.5,0.,-0.021551724137931));
#1846=CARTESIAN_POINT('',(0.5,0.,-0.0237068965517241));
#1847=CARTESIAN_POINT('',(0.5,0.,-0.0258620689655172));
#1848=CARTESIAN_POINT('',(0.5,0.,-0.0280172413793103));
#1849=CARTESIAN_POINT('',(0.5,0.,-0.0301724137931034));
#1850=CARTESIAN_POINT('',(0.5,0.,-0.0323275862068965));
#1851=CARTESIAN_POINT('',(0.5,0.,-0.0344827586206897));
#1852=CARTESIAN_POINT('',(0.5,0.,-0.0366379310344828));
#1853=CARTESIAN_POINT('',(0.5,0.,-0.0387931034482759));
#1854=CARTESIAN_POINT('',(0.5,0.,-0.040948275862069));
#1855=CARTESIAN_POINT('',(0.5,0.,-0.0431034482758621));
#1856=CARTESIAN_POINT('',(0.5,0.,-0.0452586206896552));
#1857=CARTESIAN_POINT('',(0.5,0.,-0.0474137931034483));
#1858=CARTESIAN_POINT('',(0.5,0.,-0.0495689655172414));
#1859=CARTESIAN_POINT('',(0.5,0.,-0.0517241379310345));
#1860=CARTESIAN_POINT('',(0.5,0.,-0.0538793103448276));
#1861=CARTESIAN_POINT('',(0.5,0.,-0.0560344827586207));
#1862=CARTESIAN_POINT('',(0.5,0.,-0.0581896551724138));
#1863=CARTESIAN_POINT('',(0.5,0.,-0.0603448275862069));
#1864=CARTESIAN_POINT('',(0.5,0.,-0.0625));
#1865=CARTESIAN_POINT('',(-1.00662450451695,0.02));
#1866=CARTESIAN_POINT('',(-1.00662450451695,0.));
#1867=CARTESIAN_POINT('',(-1.00662450451695,-0.0833379924632943));
#1868=CARTESIAN_POINT('',(0.5,0.,-0.0625));
#1869=CARTESIAN_POINT('',(0.479591836734694,0.,-0.0625));
#1870=CARTESIAN_POINT('',(0.459183673469388,0.,-0.0625));
#1871=CARTESIAN_POINT('',(0.438775510204082,0.,-0.0625));
#1872=CARTESIAN_POINT('',(0.418367346938776,0.,-0.0625));
#1873=CARTESIAN_POINT('',(0.397959183673469,0.,-0.0625));
#1874=CARTESIAN_POINT('',(0.377551020408163,0.,-0.0625));
#1875=CARTESIAN_POINT('',(0.357142857142857,0.,-0.0625));
#1876=CARTESIAN_POINT('',(0.336734693877551,0.,-0.0625));
#1877=CARTESIAN_POINT('',(0.316326530612245,0.,-0.0625));
#1878=CARTESIAN_POINT('',(0.295918367346939,0.,-0.0625));
#1879=CARTESIAN_POINT('',(0.275510204081633,0.,-0.0625));
#1880=CARTESIAN_POINT('',(0.255102040816326,0.,-0.0625));
#1881=CARTESIAN_POINT('',(0.23469387755102,0.,-0.0625));
#1882=CARTESIAN_POINT('',(0.214285714285714,0.,-0.0625));
#1883=CARTESIAN_POINT('',(0.193877551020408,0.,-0.0625));
#1884=CARTESIAN_POINT('',(0.173469387755102,0.,-0.0625));
#1885=CARTESIAN_POINT('',(0.153061224489796,0.,-0.0625));
#1886=CARTESIAN_POINT('',(0.13265306122449,0.,-0.0625));
#1887=CARTESIAN_POINT('',(0.112244897959184,0.,-0.0625));
#1888=CARTESIAN_POINT('',(0.0918367346938775,0.,-0.0625));
#1889=CARTESIAN_POINT('',(0.0714285714285714,0.,-0.0625));
#1890=CARTESIAN_POINT('',(0.0510204081632653,0.,-0.0625));
#1891=CARTESIAN_POINT('',(0.0306122448979592,0.,-0.0625));
#1892=CARTESIAN_POINT('',(0.0102040816326531,0.,-0.0625));
#1893=CARTESIAN_POINT('',(-0.0102040816326531,0.,-0.0625));
#1894=CARTESIAN_POINT('',(-0.0306122448979592,0.,-0.0625));
#1895=CARTESIAN_POINT('',(-0.0510204081632653,0.,-0.0625));
#1896=CARTESIAN_POINT('',(-0.0714285714285715,0.,-0.0625));
#1897=CARTESIAN_POINT('',(-0.0918367346938775,0.,-0.0625));
#1898=CARTESIAN_POINT('',(-0.112244897959184,0.,-0.0625));
#1899=CARTESIAN_POINT('',(-0.13265306122449,0.,-0.0625));
#1900=CARTESIAN_POINT('',(-0.153061224489796,0.,-0.0625));
#1901=CARTESIAN_POINT('',(-0.173469387755102,0.,-0.0625));
#1902=CARTESIAN_POINT('',(-0.193877551020408,0.,-0.0625));
#1903=CARTESIAN_POINT('',(-0.214285714285714,0.,-0.0625));
#1904=CARTESIAN_POINT('',(-0.23469387755102,0.,-0.0625));
#1905=CARTESIAN_POINT('',(-0.255102040816327,0.,-0.0625));
#1906=CARTESIAN_POINT('',(-0.275510204081633,0.,-0.0625));
#1907=CARTESIAN_POINT('',(-0.295918367346939,0.,-0.0625));
#1908=CARTESIAN_POINT('',(-0.316326530612245,0.,-0.0625));
#1909=CARTESIAN_POINT('',(-0.336734693877551,0.,-0.0625));
#1910=CARTESIAN_POINT('',(-0.357142857142857,0.,-0.0625));
#1911=CARTESIAN_POINT('',(-0.377551020408163,0.,-0.0625));
#1912=CARTESIAN_POINT('',(-0.397959183673469,0.,-0.0625));
#1913=CARTESIAN_POINT('',(-0.418367346938776,0.,-0.0625));
#1914=CARTESIAN_POINT('',(-0.438775510204082,0.,-0.0625));
#1915=CARTESIAN_POINT('',(-0.459183673469388,0.,-0.0625));
#1916=CARTESIAN_POINT('',(-0.479591836734694,0.,-0.0625));
#1917=CARTESIAN_POINT('',(-0.5,0.,-0.0625));
#1918=CARTESIAN_POINT('',(-1.00662450451695,-0.0833379924632943));
#1919=CARTESIAN_POINT('',(0.,-0.0833379924632943));
#1920=CARTESIAN_POINT('',(0.,0.,0.));
#1921=(
GEOMETRIC_REPRESENTATION_CONTEXT(2)
PARAMETRIC_REPRESENTATION_CONTEXT()
REPRESENTATION_CONTEXT('pspace','')
);
ENDSEC;
END-ISO-10303-21;
